comuna,año,level_2,empresas
Altavista,2021,1416,3
Altavista,2021,1452,6
Altavista,2021,1462,6
Altavista,2021,1466,4
Altavista,2021,1475,3
Altavista,2021,1480,15
Altavista,2021,1486,4
Altavista,2021,1519,9
Altavista,2021,1530,6
Altavista,2021,1577,7
Altavista,2021,1586,5
Altavista,2021,1606,7
Altavista,2021,1610,11
Altavista,2021,1614,6
Altavista,2021,1616,11
Altavista,2021,1617,7
Altavista,2021,1619,4
Altavista,2021,1620,12
Altavista,2021,1626,4
Altavista,2021,1637,3
Altavista,2021,1640,3
Altavista,2021,1644,5
Altavista,2021,1645,35
Altavista,2021,1646,11
Altavista,2021,1647,4
Altavista,2021,1649,6
Altavista,2021,1651,5
Altavista,2021,1654,9
Altavista,2021,1657,11
Altavista,2021,1661,6
Altavista,2021,1662,7
Altavista,2021,1665,7
Altavista,2021,1666,4
Altavista,2021,1667,19
Altavista,2021,1668,4
Altavista,2021,1673,11
Altavista,2021,1675,9
Altavista,2021,1680,11
Altavista,2021,1697,5
Altavista,2021,1706,13
Altavista,2021,1709,8
Altavista,2021,1710,3
Altavista,2021,1712,12
Altavista,2021,1728,4
Altavista,2021,1729,10
Altavista,2021,1730,4
Altavista,2021,1731,3
Altavista,2021,1757,3
Altavista,2021,1761,7
Altavista,2021,1764,34
Altavista,2021,1765,5
Altavista,2021,1766,3
Altavista,2021,1769,12
Altavista,2021,1772,6
Altavista,2021,1776,8
Altavista,2021,1780,6
Altavista,2021,1786,3
Altavista,2021,1791,6
Altavista,2021,1792,3
Altavista,2021,1807,13
Altavista,2021,1835,3
Altavista,2021,1848,3
Altavista,2021,1856,4
Altavista,2021,1875,14
Altavista,2021,1877,4
Altavista,2022,1941,10
Altavista,2022,1959,18
Altavista,2022,1997,9
Altavista,2022,2008,6
Altavista,2022,2056,9
Altavista,2022,2065,7
Altavista,2022,2085,24
Altavista,2022,2089,17
Altavista,2022,2092,6
Altavista,2022,2095,15
Altavista,2022,2096,9
Altavista,2022,2099,13
Altavista,2022,2103,6
Altavista,2022,2105,6
Altavista,2022,2122,6
Altavista,2022,2123,16
Altavista,2022,2124,50
Altavista,2022,2125,12
Altavista,2022,2128,8
Altavista,2022,2130,6
Altavista,2022,2136,10
Altavista,2022,2140,15
Altavista,2022,2141,6
Altavista,2022,2144,16
Altavista,2022,2146,22
Altavista,2022,2152,16
Altavista,2022,2154,16
Altavista,2022,2157,7
Altavista,2022,2159,10
Altavista,2022,2183,23
Altavista,2022,2186,10
Altavista,2022,2187,6
Altavista,2022,2189,27
Altavista,2022,2206,13
Altavista,2022,2207,8
Altavista,2022,2234,13
Altavista,2022,2237,58
Altavista,2022,2238,12
Altavista,2022,2239,12
Altavista,2022,2240,8
Altavista,2022,2241,21
Altavista,2022,2242,26
Altavista,2022,2244,15
Altavista,2022,2248,15
Altavista,2022,2250,6
Altavista,2022,2252,13
Altavista,2022,2263,8
Altavista,2022,2279,25
Altavista,2022,2302,6
Altavista,2022,2305,6
Altavista,2022,2325,6
Altavista,2022,2343,15
Aranjuez,2018,2406,69
Aranjuez,2018,2410,15
Aranjuez,2018,2425,94
Aranjuez,2018,2431,15
Aranjuez,2018,2436,17
Aranjuez,2018,2442,17
Aranjuez,2018,2461,13
Aranjuez,2018,2475,31
Aranjuez,2018,2522,37
Aranjuez,2018,2529,14
Aranjuez,2018,2531,14
Aranjuez,2018,2548,42
Aranjuez,2018,2550,44
Aranjuez,2018,2554,19
Aranjuez,2018,2557,23
Aranjuez,2018,2558,13
Aranjuez,2018,2560,58
Aranjuez,2018,2561,25
Aranjuez,2018,2564,101
Aranjuez,2018,2565,46
Aranjuez,2018,2566,20
Aranjuez,2018,2567,23
Aranjuez,2018,2570,17
Aranjuez,2018,2584,15
Aranjuez,2018,2586,25
Aranjuez,2018,2589,319
Aranjuez,2018,2590,111
Aranjuez,2018,2591,25
Aranjuez,2018,2592,21
Aranjuez,2018,2593,54
Aranjuez,2018,2594,51
Aranjuez,2018,2595,37
Aranjuez,2018,2597,14
Aranjuez,2018,2598,25
Aranjuez,2018,2601,73
Aranjuez,2018,2605,30
Aranjuez,2018,2606,34
Aranjuez,2018,2609,78
Aranjuez,2018,2610,19
Aranjuez,2018,2611,88
Aranjuez,2018,2612,30
Aranjuez,2018,2613,16
Aranjuez,2018,2619,41
Aranjuez,2018,2622,14
Aranjuez,2018,2624,24
Aranjuez,2018,2634,21
Aranjuez,2018,2649,129
Aranjuez,2018,2651,52
Aranjuez,2018,2652,99
Aranjuez,2018,2653,13
Aranjuez,2018,2655,192
Aranjuez,2018,2671,20
Aranjuez,2018,2672,25
Aranjuez,2018,2702,19
Aranjuez,2018,2707,18
Aranjuez,2018,2712,24
Aranjuez,2018,2744,21
Aranjuez,2018,2788,27
Aranjuez,2018,2806,92
Aranjuez,2018,2808,22
Aranjuez,2019,2870,75
Aranjuez,2019,2874,13
Aranjuez,2019,2889,94
Aranjuez,2019,2900,13
Aranjuez,2019,2906,19
Aranjuez,2019,2925,21
Aranjuez,2019,2939,28
Aranjuez,2019,2986,44
Aranjuez,2019,2995,16
Aranjuez,2019,3013,37
Aranjuez,2019,3015,41
Aranjuez,2019,3019,19
Aranjuez,2019,3022,19
Aranjuez,2019,3025,54
Aranjuez,2019,3026,16
Aranjuez,2019,3029,108
Aranjuez,2019,3030,50
Aranjuez,2019,3031,15
Aranjuez,2019,3032,25
Aranjuez,2019,3035,21
Aranjuez,2019,3049,13
Aranjuez,2019,3051,29
Aranjuez,2019,3055,321
Aranjuez,2019,3056,109
Aranjuez,2019,3057,31
Aranjuez,2019,3058,17
Aranjuez,2019,3059,53
Aranjuez,2019,3060,53
Aranjuez,2019,3061,32
Aranjuez,2019,3064,24
Aranjuez,2019,3067,82
Aranjuez,2019,3071,35
Aranjuez,2019,3072,38
Aranjuez,2019,3075,75
Aranjuez,2019,3076,17
Aranjuez,2019,3077,91
Aranjuez,2019,3078,30
Aranjuez,2019,3083,17
Aranjuez,2019,3085,44
Aranjuez,2019,3090,33
Aranjuez,2019,3100,23
Aranjuez,2019,3115,153
Aranjuez,2019,3116,14
Aranjuez,2019,3117,61
Aranjuez,2019,3118,117
Aranjuez,2019,3119,13
Aranjuez,2019,3121,174
Aranjuez,2019,3137,13
Aranjuez,2019,3138,30
Aranjuez,2019,3168,18
Aranjuez,2019,3174,18
Aranjuez,2019,3178,19
Aranjuez,2019,3209,39
Aranjuez,2019,3255,31
Aranjuez,2019,3273,113
Aranjuez,2019,3275,19
Aranjuez,2020,3339,76
Aranjuez,2020,3342,14
Aranjuez,2020,3343,14
Aranjuez,2020,3358,94
Aranjuez,2020,3364,12
Aranjuez,2020,3375,19
Aranjuez,2020,3394,22
Aranjuez,2020,3401,11
Aranjuez,2020,3408,21
Aranjuez,2020,3455,38
Aranjuez,2020,3462,12
Aranjuez,2020,3464,13
Aranjuez,2020,3482,33
Aranjuez,2020,3484,40
Aranjuez,2020,3488,16
Aranjuez,2020,3491,14
Aranjuez,2020,3494,40
Aranjuez,2020,3495,14
Aranjuez,2020,3498,90
Aranjuez,2020,3499,42
Aranjuez,2020,3500,16
Aranjuez,2020,3501,23
Aranjuez,2020,3504,21
Aranjuez,2020,3518,13
Aranjuez,2020,3520,21
Aranjuez,2020,3523,299
Aranjuez,2020,3524,109
Aranjuez,2020,3525,32
Aranjuez,2020,3526,21
Aranjuez,2020,3527,49
Aranjuez,2020,3528,66
Aranjuez,2020,3529,28
Aranjuez,2020,3531,11
Aranjuez,2020,3532,21
Aranjuez,2020,3534,11
Aranjuez,2020,3535,69
Aranjuez,2020,3537,12
Aranjuez,2020,3538,12
Aranjuez,2020,3539,36
Aranjuez,2020,3540,42
Aranjuez,2020,3543,65
Aranjuez,2020,3544,14
Aranjuez,2020,3545,99
Aranjuez,2020,3546,20
Aranjuez,2020,3551,25
Aranjuez,2020,3553,42
Aranjuez,2020,3555,11
Aranjuez,2020,3557,30
Aranjuez,2020,3567,23
Aranjuez,2020,3573,11
Aranjuez,2020,3582,133
Aranjuez,2020,3583,11
Aranjuez,2020,3584,46
Aranjuez,2020,3585,72
Aranjuez,2020,3586,14
Aranjuez,2020,3588,131
Aranjuez,2020,3605,25
Aranjuez,2020,3637,18
Aranjuez,2020,3643,15
Aranjuez,2020,3647,16
Aranjuez,2020,3678,35
Aranjuez,2020,3724,35
Aranjuez,2020,3742,106
Aranjuez,2020,3744,24
Aranjuez,2021,3811,80
Aranjuez,2021,3815,24
Aranjuez,2021,3829,105
Aranjuez,2021,3840,15
Aranjuez,2021,3846,20
Aranjuez,2021,3865,18
Aranjuez,2021,3879,31
Aranjuez,2021,3885,16
Aranjuez,2021,3926,43
Aranjuez,2021,3935,17
Aranjuez,2021,3953,38
Aranjuez,2021,3955,55
Aranjuez,2021,3959,33
Aranjuez,2021,3962,22
Aranjuez,2021,3965,49
Aranjuez,2021,3966,19
Aranjuez,2021,3969,93
Aranjuez,2021,3970,46
Aranjuez,2021,3971,18
Aranjuez,2021,3972,25
Aranjuez,2021,3975,27
Aranjuez,2021,3989,18
Aranjuez,2021,3991,26
Aranjuez,2021,3994,326
Aranjuez,2021,3995,131
Aranjuez,2021,3996,31
Aranjuez,2021,3997,22
Aranjuez,2021,3998,66
Aranjuez,2021,3999,65
Aranjuez,2021,4000,27
Aranjuez,2021,4003,31
Aranjuez,2021,4005,13
Aranjuez,2021,4006,75
Aranjuez,2021,4008,13
Aranjuez,2021,4010,44
Aranjuez,2021,4011,40
Aranjuez,2021,4014,106
Aranjuez,2021,4015,13
Aranjuez,2021,4016,118
Aranjuez,2021,4017,27
Aranjuez,2021,4022,46
Aranjuez,2021,4024,38
Aranjuez,2021,4027,13
Aranjuez,2021,4029,43
Aranjuez,2021,4040,20
Aranjuez,2021,4046,14
Aranjuez,2021,4055,161
Aranjuez,2021,4056,15
Aranjuez,2021,4057,50
Aranjuez,2021,4058,101
Aranjuez,2021,4061,149
Aranjuez,2021,4078,41
Aranjuez,2021,4079,15
Aranjuez,2021,4110,16
Aranjuez,2021,4113,32
Aranjuez,2021,4118,22
Aranjuez,2021,4121,14
Aranjuez,2021,4125,25
Aranjuez,2021,4129,17
Aranjuez,2021,4141,13
Aranjuez,2021,4153,13
Aranjuez,2021,4156,49
Aranjuez,2021,4185,14
Aranjuez,2021,4205,39
Aranjuez,2021,4215,14
Aranjuez,2021,4224,120
Aranjuez,2021,4226,38
Aranjuez,2022,4290,85
Aranjuez,2022,4294,24
Aranjuez,2022,4308,109
Aranjuez,2022,4319,21
Aranjuez,2022,4325,22
Aranjuez,2022,4343,18
Aranjuez,2022,4357,38
Aranjuez,2022,4405,48
Aranjuez,2022,4414,19
Aranjuez,2022,4432,38
Aranjuez,2022,4434,53
Aranjuez,2022,4438,30
Aranjuez,2022,4441,28
Aranjuez,2022,4444,65
Aranjuez,2022,4445,19
Aranjuez,2022,4448,114
Aranjuez,2022,4449,48
Aranjuez,2022,4450,28
Aranjuez,2022,4451,27
Aranjuez,2022,4454,26
Aranjuez,2022,4468,20
Aranjuez,2022,4470,32
Aranjuez,2022,4473,334
Aranjuez,2022,4474,142
Aranjuez,2022,4475,30
Aranjuez,2022,4476,23
Aranjuez,2022,4477,64
Aranjuez,2022,4478,65
Aranjuez,2022,4479,35
Aranjuez,2022,4482,36
Aranjuez,2022,4485,89
Aranjuez,2022,4489,54
Aranjuez,2022,4490,41
Aranjuez,2022,4493,114
Aranjuez,2022,4495,132
Aranjuez,2022,4496,38
Aranjuez,2022,4501,39
Aranjuez,2022,4503,40
Aranjuez,2022,4508,43
Aranjuez,2022,4517,23
Aranjuez,2022,4532,160
Aranjuez,2022,4533,19
Aranjuez,2022,4534,50
Aranjuez,2022,4535,103
Aranjuez,2022,4538,190
Aranjuez,2022,4555,43
Aranjuez,2022,4586,45
Aranjuez,2022,4597,32
Aranjuez,2022,4612,19
Aranjuez,2022,4628,62
Aranjuez,2022,4674,39
Aranjuez,2022,4692,140
Aranjuez,2022,4694,46
Belen,2018,4755,111
Belen,2018,4758,45
Belen,2018,4759,35
Belen,2018,4774,296
Belen,2018,4791,55
Belen,2018,4871,51
Belen,2018,4880,40
Belen,2018,4899,108
Belen,2018,4903,115
Belen,2018,4906,47
Belen,2018,4909,79
Belen,2018,4910,51
Belen,2018,4913,99
Belen,2018,4914,78
Belen,2018,4915,36
Belen,2018,4916,39
Belen,2018,4919,41
Belen,2018,4925,39
Belen,2018,4930,43
Belen,2018,4933,53
Belen,2018,4937,73
Belen,2018,4938,362
Belen,2018,4939,153
Belen,2018,4942,63
Belen,2018,4943,54
Belen,2018,4944,70
Belen,2018,4947,69
Belen,2018,4950,122
Belen,2018,4952,37
Belen,2018,4954,95
Belen,2018,4955,66
Belen,2018,4958,200
Belen,2018,4960,156
Belen,2018,4961,49
Belen,2018,4966,68
Belen,2018,4968,101
Belen,2018,4973,51
Belen,2018,4998,217
Belen,2018,5000,79
Belen,2018,5001,134
Belen,2018,5004,136
Belen,2018,5020,36
Belen,2018,5021,90
Belen,2018,5048,103
Belen,2018,5051,217
Belen,2018,5052,70
Belen,2018,5053,53
Belen,2018,5054,48
Belen,2018,5055,56
Belen,2018,5056,143
Belen,2018,5057,191
Belen,2018,5061,114
Belen,2018,5063,37
Belen,2018,5066,75
Belen,2018,5077,37
Belen,2018,5093,77
Belen,2018,5100,34
Belen,2018,5115,55
Belen,2018,5119,34
Belen,2018,5137,34
Belen,2018,5155,252
Belen,2018,5157,57
Belen,2019,5219,107
Belen,2019,5222,41
Belen,2019,5223,42
Belen,2019,5238,292
Belen,2019,5255,59
Belen,2019,5335,58
Belen,2019,5344,48
Belen,2019,5364,115
Belen,2019,5368,114
Belen,2019,5371,49
Belen,2019,5374,81
Belen,2019,5375,47
Belen,2019,5378,93
Belen,2019,5379,85
Belen,2019,5381,41
Belen,2019,5384,38
Belen,2019,5390,41
Belen,2019,5395,37
Belen,2019,5398,56
Belen,2019,5403,72
Belen,2019,5404,369
Belen,2019,5405,158
Belen,2019,5406,44
Belen,2019,5408,62
Belen,2019,5409,51
Belen,2019,5410,68
Belen,2019,5413,84
Belen,2019,5416,135
Belen,2019,5420,99
Belen,2019,5421,77
Belen,2019,5424,191
Belen,2019,5426,194
Belen,2019,5427,59
Belen,2019,5432,77
Belen,2019,5434,100
Belen,2019,5439,57
Belen,2019,5464,217
Belen,2019,5466,79
Belen,2019,5467,165
Belen,2019,5470,136
Belen,2019,5486,34
Belen,2019,5487,84
Belen,2019,5488,41
Belen,2019,5514,120
Belen,2019,5517,239
Belen,2019,5518,75
Belen,2019,5519,56
Belen,2019,5520,39
Belen,2019,5521,57
Belen,2019,5522,144
Belen,2019,5523,176
Belen,2019,5527,120
Belen,2019,5531,59
Belen,2019,5542,42
Belen,2019,5555,40
Belen,2019,5558,99
Belen,2019,5581,47
Belen,2019,5604,47
Belen,2019,5622,282
Belen,2019,5624,64
Belen,2020,5629,155
Belen,2020,5688,96
Belen,2020,5691,39
Belen,2020,5692,33
Belen,2020,5707,265
Belen,2020,5724,45
Belen,2020,5804,53
Belen,2020,5813,45
Belen,2020,5833,102
Belen,2020,5837,122
Belen,2020,5840,53
Belen,2020,5841,35
Belen,2020,5843,73
Belen,2020,5844,53
Belen,2020,5847,90
Belen,2020,5848,76
Belen,2020,5849,35
Belen,2020,5850,36
Belen,2020,5853,36
Belen,2020,5859,34
Belen,2020,5864,48
Belen,2020,5867,60
Belen,2020,5871,65
Belen,2020,5872,356
Belen,2020,5873,153
Belen,2020,5874,39
Belen,2020,5876,59
Belen,2020,5877,46
Belen,2020,5878,60
Belen,2020,5881,80
Belen,2020,5884,129
Belen,2020,5886,35
Belen,2020,5888,100
Belen,2020,5889,75
Belen,2020,5892,151
Belen,2020,5894,191
Belen,2020,5895,53
Belen,2020,5900,105
Belen,2020,5902,85
Belen,2020,5906,54
Belen,2020,5922,35
Belen,2020,5931,177
Belen,2020,5933,50
Belen,2020,5934,131
Belen,2020,5937,98
Belen,2020,5954,95
Belen,2020,5955,47
Belen,2020,5983,121
Belen,2020,5986,237
Belen,2020,5987,82
Belen,2020,5988,53
Belen,2020,5989,40
Belen,2020,5990,68
Belen,2020,5991,149
Belen,2020,5992,174
Belen,2020,5996,102
Belen,2020,6000,59
Belen,2020,6011,37
Belen,2020,6027,91
Belen,2020,6051,42
Belen,2020,6073,34
Belen,2020,6091,258
Belen,2020,6093,56
Belen,2021,6114,54
Belen,2021,6160,117
Belen,2021,6163,62
Belen,2021,6164,49
Belen,2021,6178,348
Belen,2021,6195,69
Belen,2021,6275,56
Belen,2021,6284,59
Belen,2021,6304,160
Belen,2021,6308,176
Belen,2021,6311,59
Belen,2021,6314,128
Belen,2021,6315,66
Belen,2021,6318,107
Belen,2021,6319,107
Belen,2021,6321,50
Belen,2021,6324,62
Belen,2021,6330,52
Belen,2021,6335,69
Belen,2021,6338,80
Belen,2021,6342,91
Belen,2021,6343,433
Belen,2021,6344,172
Belen,2021,6345,52
Belen,2021,6347,79
Belen,2021,6348,66
Belen,2021,6349,86
Belen,2021,6352,101
Belen,2021,6355,142
Belen,2021,6359,126
Belen,2021,6360,91
Belen,2021,6363,218
Belen,2021,6365,264
Belen,2021,6366,71
Belen,2021,6371,158
Belen,2021,6373,132
Belen,2021,6378,74
Belen,2021,6404,257
Belen,2021,6406,72
Belen,2021,6407,166
Belen,2021,6410,156
Belen,2021,6427,197
Belen,2021,6428,92
Belen,2021,6459,192
Belen,2021,6462,521
Belen,2021,6463,128
Belen,2021,6464,102
Belen,2021,6465,58
Belen,2021,6466,155
Belen,2021,6467,266
Belen,2021,6469,70
Belen,2021,6470,171
Belen,2021,6474,167
Belen,2021,6476,73
Belen,2021,6478,127
Belen,2021,6489,66
Belen,2021,6502,56
Belen,2021,6505,162
Belen,2021,6530,60
Belen,2021,6554,54
Belen,2021,6573,268
Belen,2021,6575,114
Belen,2022,6639,114
Belen,2022,6642,51
Belen,2022,6643,42
Belen,2022,6651,42
Belen,2022,6657,306
Belen,2022,6674,60
Belen,2022,6754,63
Belen,2022,6763,48
Belen,2022,6783,158
Belen,2022,6787,160
Belen,2022,6790,55
Belen,2022,6793,108
Belen,2022,6794,71
Belen,2022,6797,105
Belen,2022,6798,89
Belen,2022,6799,47
Belen,2022,6800,51
Belen,2022,6803,54
Belen,2022,6809,52
Belen,2022,6814,64
Belen,2022,6817,69
Belen,2022,6820,49
Belen,2022,6821,70
Belen,2022,6822,407
Belen,2022,6823,172
Belen,2022,6824,43
Belen,2022,6826,74
Belen,2022,6827,58
Belen,2022,6828,81
Belen,2022,6831,91
Belen,2022,6834,151
Belen,2022,6838,116
Belen,2022,6839,87
Belen,2022,6842,214
Belen,2022,6844,259
Belen,2022,6845,64
Belen,2022,6850,165
Belen,2022,6852,101
Belen,2022,6857,87
Belen,2022,6872,44
Belen,2022,6881,260
Belen,2022,6883,73
Belen,2022,6884,133
Belen,2022,6887,156
Belen,2022,6904,151
Belen,2022,6905,67
Belen,2022,6932,145
Belen,2022,6935,420
Belen,2022,6936,113
Belen,2022,6937,100
Belen,2022,6938,55
Belen,2022,6939,90
Belen,2022,6940,195
Belen,2022,6941,50
Belen,2022,6942,155
Belen,2022,6946,154
Belen,2022,6948,47
Belen,2022,6950,94
Belen,2022,6961,74
Belen,2022,6974,47
Belen,2022,6977,127
Belen,2022,7000,45
Belen,2022,7041,319
Belen,2022,7043,92
Buenos Aires,2018,7095,13
Buenos Aires,2018,7104,52
Buenos Aires,2018,7107,14
Buenos Aires,2018,7108,19
Buenos Aires,2018,7123,79
Buenos Aires,2018,7129,14
Buenos Aires,2018,7173,16
Buenos Aires,2018,7220,19
Buenos Aires,2018,7229,19
Buenos Aires,2018,7248,53
Buenos Aires,2018,7252,40
Buenos Aires,2018,7255,28
Buenos Aires,2018,7256,23
Buenos Aires,2018,7258,46
Buenos Aires,2018,7259,15
Buenos Aires,2018,7262,32
Buenos Aires,2018,7263,17
Buenos Aires,2018,7264,17
Buenos Aires,2018,7265,17
Buenos Aires,2018,7287,285
Buenos Aires,2018,7288,73
Buenos Aires,2018,7289,28
Buenos Aires,2018,7291,32
Buenos Aires,2018,7292,28
Buenos Aires,2018,7293,28
Buenos Aires,2018,7296,26
Buenos Aires,2018,7299,48
Buenos Aires,2018,7303,37
Buenos Aires,2018,7304,32
Buenos Aires,2018,7307,62
Buenos Aires,2018,7308,13
Buenos Aires,2018,7309,81
Buenos Aires,2018,7310,23
Buenos Aires,2018,7315,31
Buenos Aires,2018,7317,38
Buenos Aires,2018,7322,14
Buenos Aires,2018,7332,19
Buenos Aires,2018,7347,95
Buenos Aires,2018,7348,16
Buenos Aires,2018,7349,22
Buenos Aires,2018,7350,74
Buenos Aires,2018,7353,109
Buenos Aires,2018,7369,15
Buenos Aires,2018,7370,26
Buenos Aires,2018,7371,13
Buenos Aires,2018,7397,31
Buenos Aires,2018,7400,50
Buenos Aires,2018,7401,15
Buenos Aires,2018,7405,37
Buenos Aires,2018,7406,32
Buenos Aires,2018,7410,40
Buenos Aires,2018,7412,14
Buenos Aires,2018,7415,15
Buenos Aires,2018,7426,13
Buenos Aires,2018,7442,27
Buenos Aires,2018,7504,121
Buenos Aires,2018,7506,16
Buenos Aires,2019,7559,14
Buenos Aires,2019,7568,49
Buenos Aires,2019,7571,17
Buenos Aires,2019,7572,20
Buenos Aires,2019,7581,13
Buenos Aires,2019,7587,79
Buenos Aires,2019,7637,16
Buenos Aires,2019,7684,14
Buenos Aires,2019,7693,21
Buenos Aires,2019,7713,52
Buenos Aires,2019,7717,38
Buenos Aires,2019,7720,25
Buenos Aires,2019,7721,17
Buenos Aires,2019,7723,55
Buenos Aires,2019,7724,14
Buenos Aires,2019,7727,46
Buenos Aires,2019,7729,21
Buenos Aires,2019,7730,19
Buenos Aires,2019,7753,277
Buenos Aires,2019,7754,82
Buenos Aires,2019,7755,28
Buenos Aires,2019,7757,24
Buenos Aires,2019,7758,36
Buenos Aires,2019,7759,29
Buenos Aires,2019,7762,20
Buenos Aires,2019,7765,51
Buenos Aires,2019,7769,41
Buenos Aires,2019,7770,38
Buenos Aires,2019,7773,51
Buenos Aires,2019,7775,93
Buenos Aires,2019,7776,23
Buenos Aires,2019,7781,33
Buenos Aires,2019,7783,44
Buenos Aires,2019,7788,17
Buenos Aires,2019,7798,22
Buenos Aires,2019,7813,95
Buenos Aires,2019,7814,13
Buenos Aires,2019,7815,25
Buenos Aires,2019,7816,75
Buenos Aires,2019,7817,14
Buenos Aires,2019,7819,106
Buenos Aires,2019,7835,13
Buenos Aires,2019,7836,25
Buenos Aires,2019,7863,27
Buenos Aires,2019,7866,53
Buenos Aires,2019,7867,16
Buenos Aires,2019,7871,42
Buenos Aires,2019,7872,35
Buenos Aires,2019,7876,35
Buenos Aires,2019,7878,15
Buenos Aires,2019,7880,15
Buenos Aires,2019,7891,16
Buenos Aires,2019,7907,40
Buenos Aires,2019,7953,18
Buenos Aires,2019,7971,138
Buenos Aires,2019,7973,17
Buenos Aires,2020,8037,41
Buenos Aires,2020,8040,20
Buenos Aires,2020,8041,20
Buenos Aires,2020,8056,72
Buenos Aires,2020,8106,17
Buenos Aires,2020,8153,18
Buenos Aires,2020,8162,16
Buenos Aires,2020,8182,53
Buenos Aires,2020,8186,31
Buenos Aires,2020,8189,17
Buenos Aires,2020,8190,15
Buenos Aires,2020,8192,42
Buenos Aires,2020,8193,15
Buenos Aires,2020,8196,35
Buenos Aires,2020,8197,15
Buenos Aires,2020,8198,17
Buenos Aires,2020,8199,16
Buenos Aires,2020,8202,13
Buenos Aires,2020,8216,14
Buenos Aires,2020,8221,282
Buenos Aires,2020,8222,72
Buenos Aires,2020,8223,28
Buenos Aires,2020,8225,30
Buenos Aires,2020,8226,32
Buenos Aires,2020,8227,26
Buenos Aires,2020,8230,21
Buenos Aires,2020,8233,49
Buenos Aires,2020,8237,42
Buenos Aires,2020,8238,42
Buenos Aires,2020,8241,51
Buenos Aires,2020,8243,93
Buenos Aires,2020,8244,16
Buenos Aires,2020,8249,45
Buenos Aires,2020,8251,34
Buenos Aires,2020,8255,22
Buenos Aires,2020,8265,21
Buenos Aires,2020,8271,14
Buenos Aires,2020,8280,71
Buenos Aires,2020,8282,16
Buenos Aires,2020,8283,60
Buenos Aires,2020,8286,69
Buenos Aires,2020,8303,23
Buenos Aires,2020,8304,13
Buenos Aires,2020,8332,28
Buenos Aires,2020,8335,50
Buenos Aires,2020,8336,19
Buenos Aires,2020,8337,12
Buenos Aires,2020,8339,12
Buenos Aires,2020,8340,37
Buenos Aires,2020,8341,25
Buenos Aires,2020,8345,29
Buenos Aires,2020,8349,14
Buenos Aires,2020,8355,11
Buenos Aires,2020,8360,11
Buenos Aires,2020,8376,38
Buenos Aires,2020,8422,19
Buenos Aires,2020,8440,98
Buenos Aires,2020,8442,17
Buenos Aires,2021,8463,16
Buenos Aires,2021,8509,57
Buenos Aires,2021,8512,23
Buenos Aires,2021,8513,16
Buenos Aires,2021,8527,86
Buenos Aires,2021,8577,18
Buenos Aires,2021,8624,18
Buenos Aires,2021,8633,19
Buenos Aires,2021,8653,79
Buenos Aires,2021,8657,54
Buenos Aires,2021,8660,29
Buenos Aires,2021,8661,20
Buenos Aires,2021,8663,52
Buenos Aires,2021,8664,20
Buenos Aires,2021,8667,46
Buenos Aires,2021,8668,20
Buenos Aires,2021,8670,16
Buenos Aires,2021,8673,20
Buenos Aires,2021,8692,289
Buenos Aires,2021,8693,88
Buenos Aires,2021,8694,24
Buenos Aires,2021,8696,32
Buenos Aires,2021,8697,41
Buenos Aires,2021,8698,23
Buenos Aires,2021,8701,33
Buenos Aires,2021,8704,56
Buenos Aires,2021,8708,55
Buenos Aires,2021,8709,46
Buenos Aires,2021,8712,70
Buenos Aires,2021,8714,101
Buenos Aires,2021,8715,19
Buenos Aires,2021,8720,61
Buenos Aires,2021,8722,50
Buenos Aires,2021,8727,28
Buenos Aires,2021,8738,18
Buenos Aires,2021,8744,21
Buenos Aires,2021,8753,116
Buenos Aires,2021,8755,23
Buenos Aires,2021,8756,72
Buenos Aires,2021,8759,106
Buenos Aires,2021,8776,44
Buenos Aires,2021,8777,27
Buenos Aires,2021,8778,17
Buenos Aires,2021,8808,40
Buenos Aires,2021,8811,115
Buenos Aires,2021,8812,33
Buenos Aires,2021,8813,24
Buenos Aires,2021,8814,18
Buenos Aires,2021,8815,25
Buenos Aires,2021,8816,65
Buenos Aires,2021,8819,31
Buenos Aires,2021,8823,32
Buenos Aires,2021,8827,30
Buenos Aires,2021,8838,19
Buenos Aires,2021,8851,16
Buenos Aires,2021,8854,62
Buenos Aires,2021,8903,17
Buenos Aires,2021,8922,114
Buenos Aires,2021,8924,24
Buenos Aires,2022,8988,54
Buenos Aires,2022,8991,25
Buenos Aires,2022,9000,21
Buenos Aires,2022,9006,93
Buenos Aires,2022,9055,23
Buenos Aires,2022,9103,21
Buenos Aires,2022,9112,20
Buenos Aires,2022,9132,80
Buenos Aires,2022,9136,47
Buenos Aires,2022,9139,32
Buenos Aires,2022,9140,22
Buenos Aires,2022,9142,63
Buenos Aires,2022,9143,26
Buenos Aires,2022,9146,55
Buenos Aires,2022,9147,18
Buenos Aires,2022,9152,23
Buenos Aires,2022,9170,18
Buenos Aires,2022,9171,292
Buenos Aires,2022,9172,99
Buenos Aires,2022,9173,28
Buenos Aires,2022,9175,37
Buenos Aires,2022,9176,51
Buenos Aires,2022,9177,27
Buenos Aires,2022,9180,32
Buenos Aires,2022,9183,51
Buenos Aires,2022,9187,55
Buenos Aires,2022,9188,44
Buenos Aires,2022,9191,76
Buenos Aires,2022,9193,112
Buenos Aires,2022,9194,27
Buenos Aires,2022,9199,57
Buenos Aires,2022,9201,39
Buenos Aires,2022,9204,20
Buenos Aires,2022,9206,32
Buenos Aires,2022,9221,20
Buenos Aires,2022,9230,137
Buenos Aires,2022,9232,25
Buenos Aires,2022,9233,69
Buenos Aires,2022,9236,132
Buenos Aires,2022,9253,58
Buenos Aires,2022,9281,33
Buenos Aires,2022,9284,134
Buenos Aires,2022,9285,32
Buenos Aires,2022,9286,22
Buenos Aires,2022,9287,25
Buenos Aires,2022,9288,43
Buenos Aires,2022,9289,63
Buenos Aires,2022,9291,36
Buenos Aires,2022,9295,44
Buenos Aires,2022,9299,35
Buenos Aires,2022,9310,23
Buenos Aires,2022,9323,18
Buenos Aires,2022,9326,63
Buenos Aires,2022,9372,21
Buenos Aires,2022,9390,136
Buenos Aires,2022,9392,26
Castilla,2018,9442,18
Castilla,2018,9453,51
Castilla,2018,9457,17
Castilla,2018,9472,99
Castilla,2018,9508,11
Castilla,2018,9522,25
Castilla,2018,9528,14
Castilla,2018,9569,14
Castilla,2018,9578,28
Castilla,2018,9597,28
Castilla,2018,9601,25
Castilla,2018,9604,19
Castilla,2018,9605,12
Castilla,2018,9607,41
Castilla,2018,9608,12
Castilla,2018,9611,63
Castilla,2018,9612,51
Castilla,2018,9613,24
Castilla,2018,9616,11
Castilla,2018,9617,19
Castilla,2018,9636,236
Castilla,2018,9637,90
Castilla,2018,9638,21
Castilla,2018,9639,19
Castilla,2018,9640,35
Castilla,2018,9641,38
Castilla,2018,9642,24
Castilla,2018,9644,14
Castilla,2018,9645,25
Castilla,2018,9648,52
Castilla,2018,9652,31
Castilla,2018,9653,27
Castilla,2018,9656,50
Castilla,2018,9658,67
Castilla,2018,9659,17
Castilla,2018,9664,11
Castilla,2018,9666,32
Castilla,2018,9669,22
Castilla,2018,9671,25
Castilla,2018,9681,18
Castilla,2018,9687,12
Castilla,2018,9688,19
Castilla,2018,9696,100
Castilla,2018,9698,44
Castilla,2018,9699,57
Castilla,2018,9700,13
Castilla,2018,9702,89
Castilla,2018,9718,15
Castilla,2018,9719,15
Castilla,2018,9746,17
Castilla,2018,9749,30
Castilla,2018,9754,23
Castilla,2018,9755,21
Castilla,2018,9759,24
Castilla,2018,9764,14
Castilla,2018,9791,21
Castilla,2018,9835,18
Castilla,2018,9853,91
Castilla,2018,9855,11
Castilla,2019,9906,21
Castilla,2019,9908,11
Castilla,2019,9917,54
Castilla,2019,9921,14
Castilla,2019,9930,12
Castilla,2019,9936,95
Castilla,2019,9986,23
Castilla,2019,9992,13
Castilla,2019,10033,13
Castilla,2019,10042,27
Castilla,2019,10062,26
Castilla,2019,10066,28
Castilla,2019,10069,19
Castilla,2019,10070,12
Castilla,2019,10072,39
Castilla,2019,10073,14
Castilla,2019,10076,76
Castilla,2019,10077,62
Castilla,2019,10078,19
Castilla,2019,10079,14
Castilla,2019,10082,17
Castilla,2019,10096,13
Castilla,2019,10102,248
Castilla,2019,10103,91
Castilla,2019,10104,23
Castilla,2019,10105,22
Castilla,2019,10106,40
Castilla,2019,10107,36
Castilla,2019,10108,28
Castilla,2019,10110,14
Castilla,2019,10111,26
Castilla,2019,10114,48
Castilla,2019,10118,41
Castilla,2019,10119,33
Castilla,2019,10122,46
Castilla,2019,10124,71
Castilla,2019,10125,17
Castilla,2019,10130,15
Castilla,2019,10132,31
Castilla,2019,10135,22
Castilla,2019,10137,34
Castilla,2019,10147,18
Castilla,2019,10153,14
Castilla,2019,10154,17
Castilla,2019,10162,103
Castilla,2019,10164,49
Castilla,2019,10165,58
Castilla,2019,10166,11
Castilla,2019,10168,84
Castilla,2019,10184,11
Castilla,2019,10185,17
Castilla,2019,10212,17
Castilla,2019,10215,33
Castilla,2019,10220,20
Castilla,2019,10221,18
Castilla,2019,10225,21
Castilla,2019,10229,11
Castilla,2019,10253,11
Castilla,2019,10256,30
Castilla,2019,10302,23
Castilla,2019,10320,89
Castilla,2020,10374,21
Castilla,2020,10386,51
Castilla,2020,10389,12
Castilla,2020,10390,13
Castilla,2020,10399,12
Castilla,2020,10405,86
Castilla,2020,10455,24
Castilla,2020,10461,14
Castilla,2020,10502,14
Castilla,2020,10511,30
Castilla,2020,10531,22
Castilla,2020,10535,24
Castilla,2020,10538,15
Castilla,2020,10539,11
Castilla,2020,10541,33
Castilla,2020,10542,12
Castilla,2020,10545,73
Castilla,2020,10546,47
Castilla,2020,10547,22
Castilla,2020,10548,17
Castilla,2020,10551,14
Castilla,2020,10565,12
Castilla,2020,10570,222
Castilla,2020,10571,79
Castilla,2020,10572,16
Castilla,2020,10573,22
Castilla,2020,10574,35
Castilla,2020,10575,33
Castilla,2020,10576,28
Castilla,2020,10578,12
Castilla,2020,10579,23
Castilla,2020,10582,50
Castilla,2020,10586,39
Castilla,2020,10587,28
Castilla,2020,10590,44
Castilla,2020,10592,75
Castilla,2020,10593,15
Castilla,2020,10598,17
Castilla,2020,10600,26
Castilla,2020,10602,21
Castilla,2020,10604,34
Castilla,2020,10614,14
Castilla,2020,10618,12
Castilla,2020,10620,16
Castilla,2020,10621,15
Castilla,2020,10629,85
Castilla,2020,10631,38
Castilla,2020,10632,48
Castilla,2020,10635,74
Castilla,2020,10651,13
Castilla,2020,10652,18
Castilla,2020,10681,15
Castilla,2020,10684,36
Castilla,2020,10689,21
Castilla,2020,10690,21
Castilla,2020,10694,15
Castilla,2020,10725,26
Castilla,2020,10771,19
Castilla,2020,10789,81
Castilla,2021,10846,22
Castilla,2021,10858,60
Castilla,2021,10861,19
Castilla,2021,10862,16
Castilla,2021,10871,14
Castilla,2021,10876,90
Castilla,2021,10926,22
Castilla,2021,10932,13
Castilla,2021,10973,15
Castilla,2021,10982,33
Castilla,2021,11002,27
Castilla,2021,11006,32
Castilla,2021,11009,23
Castilla,2021,11010,14
Castilla,2021,11012,46
Castilla,2021,11013,13
Castilla,2021,11016,71
Castilla,2021,11017,56
Castilla,2021,11018,16
Castilla,2021,11019,15
Castilla,2021,11022,20
Castilla,2021,11036,16
Castilla,2021,11040,14
Castilla,2021,11041,261
Castilla,2021,11042,89
Castilla,2021,11043,25
Castilla,2021,11044,25
Castilla,2021,11045,42
Castilla,2021,11046,43
Castilla,2021,11047,24
Castilla,2021,11050,28
Castilla,2021,11053,55
Castilla,2021,11057,41
Castilla,2021,11058,32
Castilla,2021,11061,54
Castilla,2021,11063,100
Castilla,2021,11064,21
Castilla,2021,11069,33
Castilla,2021,11071,20
Castilla,2021,11074,24
Castilla,2021,11076,63
Castilla,2021,11091,13
Castilla,2021,11093,15
Castilla,2021,11094,15
Castilla,2021,11102,97
Castilla,2021,11103,13
Castilla,2021,11104,41
Castilla,2021,11105,62
Castilla,2021,11108,92
Castilla,2021,11125,22
Castilla,2021,11157,23
Castilla,2021,11160,36
Castilla,2021,11161,16
Castilla,2021,11164,15
Castilla,2021,11165,25
Castilla,2021,11172,25
Castilla,2021,11176,19
Castilla,2021,11203,38
Castilla,2021,11252,20
Castilla,2021,11271,81
Castilla,2021,11273,20
Castilla,2022,11325,22
Castilla,2022,11337,64
Castilla,2022,11340,17
Castilla,2022,11341,15
Castilla,2022,11349,17
Castilla,2022,11355,103
Castilla,2022,11404,23
Castilla,2022,11410,15
Castilla,2022,11452,16
Castilla,2022,11461,32
Castilla,2022,11481,45
Castilla,2022,11485,37
Castilla,2022,11488,25
Castilla,2022,11489,18
Castilla,2022,11491,52
Castilla,2022,11495,77
Castilla,2022,11496,55
Castilla,2022,11497,21
Castilla,2022,11498,21
Castilla,2022,11501,16
Castilla,2022,11515,15
Castilla,2022,11519,15
Castilla,2022,11520,271
Castilla,2022,11521,96
Castilla,2022,11522,23
Castilla,2022,11523,23
Castilla,2022,11524,45
Castilla,2022,11525,50
Castilla,2022,11526,25
Castilla,2022,11528,13
Castilla,2022,11529,31
Castilla,2022,11532,59
Castilla,2022,11536,40
Castilla,2022,11537,37
Castilla,2022,11540,69
Castilla,2022,11542,103
Castilla,2022,11543,23
Castilla,2022,11548,40
Castilla,2022,11550,27
Castilla,2022,11553,21
Castilla,2022,11555,66
Castilla,2022,11568,13
Castilla,2022,11570,17
Castilla,2022,11571,14
Castilla,2022,11579,109
Castilla,2022,11581,47
Castilla,2022,11582,63
Castilla,2022,11585,106
Castilla,2022,11602,21
Castilla,2022,11630,23
Castilla,2022,11633,67
Castilla,2022,11635,14
Castilla,2022,11637,13
Castilla,2022,11638,23
Castilla,2022,11640,20
Castilla,2022,11644,20
Castilla,2022,11648,13
Castilla,2022,11649,13
Castilla,2022,11659,13
Castilla,2022,11660,14
Castilla,2022,11675,53
Castilla,2022,11695,13
Castilla,2022,11721,25
Castilla,2022,11739,92
Castilla,2022,11741,18
Doce De Octubre,2018,11802,60
Doce De Octubre,2018,11806,8
Doce De Octubre,2018,11815,8
Doce De Octubre,2018,11821,68
Doce De Octubre,2018,11827,13
Doce De Octubre,2018,11828,9
Doce De Octubre,2018,11832,8
Doce De Octubre,2018,11871,17
Doce De Octubre,2018,11918,12
Doce De Octubre,2018,11925,11
Doce De Octubre,2018,11927,14
Doce De Octubre,2018,11944,7
Doce De Octubre,2018,11946,57
Doce De Octubre,2018,11947,6
Doce De Octubre,2018,11950,34
Doce De Octubre,2018,11953,19
Doce De Octubre,2018,11954,8
Doce De Octubre,2018,11955,12
Doce De Octubre,2018,11956,55
Doce De Octubre,2018,11957,11
Doce De Octubre,2018,11960,17
Doce De Octubre,2018,11961,14
Doce De Octubre,2018,11962,13
Doce De Octubre,2018,11963,10
Doce De Octubre,2018,11984,6
Doce De Octubre,2018,11985,292
Doce De Octubre,2018,11986,79
Doce De Octubre,2018,11987,22
Doce De Octubre,2018,11989,51
Doce De Octubre,2018,11990,37
Doce De Octubre,2018,11991,11
Doce De Octubre,2018,11994,17
Doce De Octubre,2018,11997,60
Doce De Octubre,2018,12000,9
Doce De Octubre,2018,12001,13
Doce De Octubre,2018,12002,26
Doce De Octubre,2018,12005,39
Doce De Octubre,2018,12006,7
Doce De Octubre,2018,12007,77
Doce De Octubre,2018,12008,8
Doce De Octubre,2018,12013,10
Doce De Octubre,2018,12015,27
Doce De Octubre,2018,12020,11
Doce De Octubre,2018,12036,13
Doce De Octubre,2018,12045,42
Doce De Octubre,2018,12047,26
Doce De Octubre,2018,12048,47
Doce De Octubre,2018,12051,94
Doce De Octubre,2018,12067,12
Doce De Octubre,2018,12068,7
Doce De Octubre,2018,12095,7
Doce De Octubre,2018,12103,9
Doce De Octubre,2018,12104,9
Doce De Octubre,2018,12110,8
Doce De Octubre,2018,12112,6
Doce De Octubre,2018,12128,7
Doce De Octubre,2018,12140,22
Doce De Octubre,2018,12147,7
Doce De Octubre,2018,12184,23
Doce De Octubre,2018,12189,13
Doce De Octubre,2018,12202,55
Doce De Octubre,2018,12204,12
Doce De Octubre,2019,12266,62
Doce De Octubre,2019,12270,8
Doce De Octubre,2019,12279,10
Doce De Octubre,2019,12285,80
Doce De Octubre,2019,12291,10
Doce De Octubre,2019,12292,7
Doce De Octubre,2019,12296,7
Doce De Octubre,2019,12335,15
Doce De Octubre,2019,12341,7
Doce De Octubre,2019,12382,12
Doce De Octubre,2019,12389,10
Doce De Octubre,2019,12391,22
Doce De Octubre,2019,12409,8
Doce De Octubre,2019,12411,50
Doce De Octubre,2019,12412,8
Doce De Octubre,2019,12415,34
Doce De Octubre,2019,12418,21
Doce De Octubre,2019,12419,12
Doce De Octubre,2019,12420,9
Doce De Octubre,2019,12421,42
Doce De Octubre,2019,12422,12
Doce De Octubre,2019,12425,14
Doce De Octubre,2019,12426,14
Doce De Octubre,2019,12427,17
Doce De Octubre,2019,12428,11
Doce De Octubre,2019,12445,6
Doce De Octubre,2019,12450,7
Doce De Octubre,2019,12451,310
Doce De Octubre,2019,12452,85
Doce De Octubre,2019,12453,21
Doce De Octubre,2019,12454,6
Doce De Octubre,2019,12455,44
Doce De Octubre,2019,12456,38
Doce De Octubre,2019,12457,16
Doce De Octubre,2019,12460,18
Doce De Octubre,2019,12463,60
Doce De Octubre,2019,12466,8
Doce De Octubre,2019,12467,12
Doce De Octubre,2019,12468,34
Doce De Octubre,2019,12471,33
Doce De Octubre,2019,12472,7
Doce De Octubre,2019,12473,82
Doce De Octubre,2019,12474,7
Doce De Octubre,2019,12479,16
Doce De Octubre,2019,12481,20
Doce De Octubre,2019,12486,7
Doce De Octubre,2019,12502,9
Doce De Octubre,2019,12511,45
Doce De Octubre,2019,12513,23
Doce De Octubre,2019,12514,47
Doce De Octubre,2019,12515,8
Doce De Octubre,2019,12517,77
Doce De Octubre,2019,12533,11
Doce De Octubre,2019,12534,9
Doce De Octubre,2019,12561,9
Doce De Octubre,2019,12564,7
Doce De Octubre,2019,12569,9
Doce De Octubre,2019,12570,7
Doce De Octubre,2019,12574,8
Doce De Octubre,2019,12576,8
Doce De Octubre,2019,12590,6
Doce De Octubre,2019,12605,28
Doce De Octubre,2019,12646,7
Doce De Octubre,2019,12651,20
Doce De Octubre,2019,12656,10
Doce De Octubre,2019,12662,8
Doce De Octubre,2019,12669,56
Doce De Octubre,2019,12671,15
Doce De Octubre,2020,12725,6
Doce De Octubre,2020,12735,53
Doce De Octubre,2020,12738,7
Doce De Octubre,2020,12739,11
Doce De Octubre,2020,12748,12
Doce De Octubre,2020,12754,62
Doce De Octubre,2020,12760,6
Doce De Octubre,2020,12804,10
Doce De Octubre,2020,12810,7
Doce De Octubre,2020,12851,14
Doce De Octubre,2020,12858,10
Doce De Octubre,2020,12860,21
Doce De Octubre,2020,12878,9
Doce De Octubre,2020,12880,34
Doce De Octubre,2020,12881,6
Doce De Octubre,2020,12884,31
Doce De Octubre,2020,12887,17
Doce De Octubre,2020,12888,11
Doce De Octubre,2020,12889,6
Doce De Octubre,2020,12890,38
Doce De Octubre,2020,12891,12
Doce De Octubre,2020,12894,15
Doce De Octubre,2020,12895,11
Doce De Octubre,2020,12896,18
Doce De Octubre,2020,12897,10
Doce De Octubre,2020,12914,7
Doce De Octubre,2020,12918,8
Doce De Octubre,2020,12919,277
Doce De Octubre,2020,12920,75
Doce De Octubre,2020,12921,22
Doce De Octubre,2020,12922,9
Doce De Octubre,2020,12923,48
Doce De Octubre,2020,12924,30
Doce De Octubre,2020,12925,13
Doce De Octubre,2020,12928,16
Doce De Octubre,2020,12931,62
Doce De Octubre,2020,12935,20
Doce De Octubre,2020,12936,43
Doce De Octubre,2020,12939,36
Doce De Octubre,2020,12941,77
Doce De Octubre,2020,12942,7
Doce De Octubre,2020,12947,18
Doce De Octubre,2020,12949,16
Doce De Octubre,2020,12953,8
Doce De Octubre,2020,12969,11
Doce De Octubre,2020,12978,30
Doce De Octubre,2020,12980,17
Doce De Octubre,2020,12981,34
Doce De Octubre,2020,12984,51
Doce De Octubre,2020,13000,8
Doce De Octubre,2020,13001,9
Doce De Octubre,2020,13030,8
Doce De Octubre,2020,13038,14
Doce De Octubre,2020,13043,8
Doce De Octubre,2020,13058,6
Doce De Octubre,2020,13074,26
Doce De Octubre,2020,13120,22
Doce De Octubre,2020,13125,10
Doce De Octubre,2020,13131,6
Doce De Octubre,2020,13138,54
Doce De Octubre,2020,13140,13
Doce De Octubre,2021,13200,8
Doce De Octubre,2021,13207,50
Doce De Octubre,2021,13210,10
Doce De Octubre,2021,13211,12
Doce De Octubre,2021,13220,16
Doce De Octubre,2021,13225,65
Doce De Octubre,2021,13231,8
Doce De Octubre,2021,13242,8
Doce De Octubre,2021,13275,12
Doce De Octubre,2021,13322,14
Doce De Octubre,2021,13329,14
Doce De Octubre,2021,13331,17
Doce De Octubre,2021,13351,42
Doce De Octubre,2021,13352,9
Doce De Octubre,2021,13355,35
Doce De Octubre,2021,13358,27
Doce De Octubre,2021,13359,13
Doce De Octubre,2021,13360,8
Doce De Octubre,2021,13361,44
Doce De Octubre,2021,13362,15
Doce De Octubre,2021,13365,18
Doce De Octubre,2021,13366,13
Doce De Octubre,2021,13367,14
Doce De Octubre,2021,13368,15
Doce De Octubre,2021,13371,10
Doce De Octubre,2021,13385,11
Doce De Octubre,2021,13389,9
Doce De Octubre,2021,13390,293
Doce De Octubre,2021,13391,95
Doce De Octubre,2021,13392,19
Doce De Octubre,2021,13394,53
Doce De Octubre,2021,13395,38
Doce De Octubre,2021,13396,17
Doce De Octubre,2021,13399,23
Doce De Octubre,2021,13402,63
Doce De Octubre,2021,13405,8
Doce De Octubre,2021,13406,30
Doce De Octubre,2021,13407,48
Doce De Octubre,2021,13410,39
Doce De Octubre,2021,13412,96
Doce De Octubre,2021,13413,13
Doce De Octubre,2021,13418,31
Doce De Octubre,2021,13420,23
Doce De Octubre,2021,13425,10
Doce De Octubre,2021,13442,14
Doce De Octubre,2021,13451,41
Doce De Octubre,2021,13453,18
Doce De Octubre,2021,13454,34
Doce De Octubre,2021,13457,74
Doce De Octubre,2021,13473,9
Doce De Octubre,2021,13506,8
Doce De Octubre,2021,13514,14
Doce De Octubre,2021,13521,13
Doce De Octubre,2021,13523,8
Doce De Octubre,2021,13525,8
Doce De Octubre,2021,13536,10
Doce De Octubre,2021,13552,40
Doce De Octubre,2021,13601,27
Doce De Octubre,2021,13606,8
Doce De Octubre,2021,13615,8
Doce De Octubre,2021,13620,63
Doce De Octubre,2021,13622,14
Doce De Octubre,2022,13686,49
Doce De Octubre,2022,13689,16
Doce De Octubre,2022,13690,13
Doce De Octubre,2022,13698,13
Doce De Octubre,2022,13704,78
Doce De Octubre,2022,13710,10
Doce De Octubre,2022,13711,8
Doce De Octubre,2022,13715,10
Doce De Octubre,2022,13721,9
Doce De Octubre,2022,13732,8
Doce De Octubre,2022,13753,17
Doce De Octubre,2022,13759,9
Doce De Octubre,2022,13801,12
Doce De Octubre,2022,13808,16
Doce De Octubre,2022,13810,17
Doce De Octubre,2022,13828,11
Doce De Octubre,2022,13830,42
Doce De Octubre,2022,13831,9
Doce De Octubre,2022,13834,39
Doce De Octubre,2022,13837,29
Doce De Octubre,2022,13838,18
Doce De Octubre,2022,13839,8
Doce De Octubre,2022,13840,45
Doce De Octubre,2022,13841,17
Doce De Octubre,2022,13844,24
Doce De Octubre,2022,13845,13
Doce De Octubre,2022,13846,14
Doce De Octubre,2022,13847,19
Doce De Octubre,2022,13850,9
Doce De Octubre,2022,13864,9
Doce De Octubre,2022,13868,9
Doce De Octubre,2022,13869,315
Doce De Octubre,2022,13870,93
Doce De Octubre,2022,13871,19
Doce De Octubre,2022,13873,54
Doce De Octubre,2022,13874,46
Doce De Octubre,2022,13875,18
Doce De Octubre,2022,13878,23
Doce De Octubre,2022,13881,68
Doce De Octubre,2022,13885,29
Doce De Octubre,2022,13886,52
Doce De Octubre,2022,13889,50
Doce De Octubre,2022,13891,114
Doce De Octubre,2022,13892,16
Doce De Octubre,2022,13897,25
Doce De Octubre,2022,13899,18
Doce De Octubre,2022,13904,15
Doce De Octubre,2022,13919,11
Doce De Octubre,2022,13928,40
Doce De Octubre,2022,13929,9
Doce De Octubre,2022,13930,15
Doce De Octubre,2022,13931,40
Doce De Octubre,2022,13934,87
Doce De Octubre,2022,13950,11
Doce De Octubre,2022,13951,12
Doce De Octubre,2022,13979,11
Doce De Octubre,2022,13982,9
Doce De Octubre,2022,13983,8
Doce De Octubre,2022,13984,8
Doce De Octubre,2022,13987,12
Doce De Octubre,2022,13993,19
Doce De Octubre,2022,13995,9
Doce De Octubre,2022,13997,8
Doce De Octubre,2022,14008,14
Doce De Octubre,2022,14009,10
Doce De Octubre,2022,14024,36
Doce De Octubre,2022,14070,40
Doce De Octubre,2022,14075,8
Doce De Octubre,2022,14081,8
Doce De Octubre,2022,14088,69
Doce De Octubre,2022,14090,12
El Poblado,2018,14100,61
El Poblado,2018,14101,88
El Poblado,2018,14110,221
El Poblado,2018,14116,71
El Poblado,2018,14132,114
El Poblado,2018,14151,81
El Poblado,2018,14154,80
El Poblado,2018,14170,185
El Poblado,2018,14295,364
El Poblado,2018,14299,231
El Poblado,2018,14306,69
El Poblado,2018,14308,125
El Poblado,2018,14309,104
El Poblado,2018,14310,64
El Poblado,2018,14314,68
El Poblado,2018,14315,74
El Poblado,2018,14321,71
El Poblado,2018,14326,79
El Poblado,2018,14332,59
El Poblado,2018,14333,143
El Poblado,2018,14334,101
El Poblado,2018,14335,83
El Poblado,2018,14343,205
El Poblado,2018,14354,189
El Poblado,2018,14356,110
El Poblado,2018,14357,108
El Poblado,2018,14362,73
El Poblado,2018,14364,87
El Poblado,2018,14369,88
El Poblado,2018,14383,59
El Poblado,2018,14386,102
El Poblado,2018,14390,89
El Poblado,2018,14394,477
El Poblado,2018,14395,70
El Poblado,2018,14396,97
El Poblado,2018,14397,100
El Poblado,2018,14400,150
El Poblado,2018,14417,219
El Poblado,2018,14418,130
El Poblado,2018,14419,89
El Poblado,2018,14430,99
El Poblado,2018,14431,68
El Poblado,2018,14440,73
El Poblado,2018,14444,269
El Poblado,2018,14448,294
El Poblado,2018,14449,293
El Poblado,2018,14450,108
El Poblado,2018,14451,466
El Poblado,2018,14452,543
El Poblado,2018,14453,393
El Poblado,2018,14457,213
El Poblado,2018,14459,101
El Poblado,2018,14462,423
El Poblado,2018,14468,60
El Poblado,2018,14473,70
El Poblado,2018,14474,61
El Poblado,2018,14486,75
El Poblado,2018,14489,305
El Poblado,2018,14511,191
El Poblado,2018,14515,59
El Poblado,2018,14551,202
El Poblado,2018,14553,71
El Poblado,2019,14564,87
El Poblado,2019,14573,242
El Poblado,2019,14579,68
El Poblado,2019,14594,91
El Poblado,2019,14615,66
El Poblado,2019,14618,80
El Poblado,2019,14634,203
El Poblado,2019,14746,63
El Poblado,2019,14760,343
El Poblado,2019,14764,217
El Poblado,2019,14771,83
El Poblado,2019,14773,122
El Poblado,2019,14774,111
El Poblado,2019,14775,67
El Poblado,2019,14778,62
El Poblado,2019,14779,69
El Poblado,2019,14780,84
El Poblado,2019,14786,82
El Poblado,2019,14791,89
El Poblado,2019,14799,121
El Poblado,2019,14800,96
El Poblado,2019,14801,91
El Poblado,2019,14809,210
El Poblado,2019,14820,198
El Poblado,2019,14822,112
El Poblado,2019,14823,98
El Poblado,2019,14828,75
El Poblado,2019,14830,79
El Poblado,2019,14835,97
El Poblado,2019,14849,62
El Poblado,2019,14852,123
El Poblado,2019,14856,86
El Poblado,2019,14860,504
El Poblado,2019,14861,72
El Poblado,2019,14862,90
El Poblado,2019,14863,105
El Poblado,2019,14866,147
El Poblado,2019,14883,267
El Poblado,2019,14884,150
El Poblado,2019,14885,85
El Poblado,2019,14896,92
El Poblado,2019,14897,80
El Poblado,2019,14906,66
El Poblado,2019,14910,292
El Poblado,2019,14914,329
El Poblado,2019,14915,306
El Poblado,2019,14916,115
El Poblado,2019,14917,505
El Poblado,2019,14918,554
El Poblado,2019,14919,390
El Poblado,2019,14923,214
El Poblado,2019,14925,103
El Poblado,2019,14927,403
El Poblado,2019,14933,60
El Poblado,2019,14938,75
El Poblado,2019,14939,77
El Poblado,2019,14948,61
El Poblado,2019,14951,89
El Poblado,2019,14954,322
El Poblado,2019,14977,224
El Poblado,2019,14978,62
El Poblado,2019,14981,72
El Poblado,2019,15018,212
El Poblado,2019,15020,91
El Poblado,2020,15032,62
El Poblado,2020,15033,83
El Poblado,2020,15042,246
El Poblado,2020,15048,67
El Poblado,2020,15063,101
El Poblado,2020,15084,70
El Poblado,2020,15087,61
El Poblado,2020,15103,195
El Poblado,2020,15215,66
El Poblado,2020,15229,302
El Poblado,2020,15233,207
El Poblado,2020,15240,71
El Poblado,2020,15242,115
El Poblado,2020,15243,105
El Poblado,2020,15244,59
El Poblado,2020,15247,71
El Poblado,2020,15249,88
El Poblado,2020,15255,78
El Poblado,2020,15260,79
El Poblado,2020,15266,65
El Poblado,2020,15267,100
El Poblado,2020,15268,83
El Poblado,2020,15269,70
El Poblado,2020,15277,172
El Poblado,2020,15288,170
El Poblado,2020,15290,105
El Poblado,2020,15291,89
El Poblado,2020,15296,99
El Poblado,2020,15298,78
El Poblado,2020,15302,82
El Poblado,2020,15316,61
El Poblado,2020,15319,129
El Poblado,2020,15323,70
El Poblado,2020,15327,390
El Poblado,2020,15329,73
El Poblado,2020,15330,65
El Poblado,2020,15333,107
El Poblado,2020,15350,307
El Poblado,2020,15351,163
El Poblado,2020,15352,94
El Poblado,2020,15364,88
El Poblado,2020,15365,87
El Poblado,2020,15375,60
El Poblado,2020,15379,281
El Poblado,2020,15383,293
El Poblado,2020,15384,299
El Poblado,2020,15385,116
El Poblado,2020,15386,525
El Poblado,2020,15387,543
El Poblado,2020,15388,371
El Poblado,2020,15392,198
El Poblado,2020,15394,88
El Poblado,2020,15396,369
El Poblado,2020,15402,57
El Poblado,2020,15407,67
El Poblado,2020,15417,63
El Poblado,2020,15420,70
El Poblado,2020,15423,302
El Poblado,2020,15447,215
El Poblado,2020,15448,64
El Poblado,2020,15451,66
El Poblado,2020,15487,182
El Poblado,2020,15489,71
El Poblado,2021,15500,83
El Poblado,2021,15501,80
El Poblado,2021,15510,290
El Poblado,2021,15516,76
El Poblado,2021,15533,92
El Poblado,2021,15556,73
El Poblado,2021,15559,86
El Poblado,2021,15574,223
El Poblado,2021,15686,74
El Poblado,2021,15700,327
El Poblado,2021,15701,58
El Poblado,2021,15704,240
El Poblado,2021,15710,62
El Poblado,2021,15711,95
El Poblado,2021,15713,138
El Poblado,2021,15714,101
El Poblado,2021,15715,61
El Poblado,2021,15718,70
El Poblado,2021,15719,57
El Poblado,2021,15720,89
El Poblado,2021,15726,105
El Poblado,2021,15731,80
El Poblado,2021,15733,85
El Poblado,2021,15734,64
El Poblado,2021,15738,117
El Poblado,2021,15739,103
El Poblado,2021,15740,67
El Poblado,2021,15745,58
El Poblado,2021,15748,200
El Poblado,2021,15755,57
El Poblado,2021,15759,199
El Poblado,2021,15761,141
El Poblado,2021,15762,91
El Poblado,2021,15767,151
El Poblado,2021,15769,84
El Poblado,2021,15774,95
El Poblado,2021,15789,59
El Poblado,2021,15792,136
El Poblado,2021,15796,86
El Poblado,2021,15800,455
El Poblado,2021,15801,62
El Poblado,2021,15802,82
El Poblado,2021,15803,82
El Poblado,2021,15806,142
El Poblado,2021,15823,413
El Poblado,2021,15824,181
El Poblado,2021,15825,91
El Poblado,2021,15838,101
El Poblado,2021,15840,94
El Poblado,2021,15851,74
El Poblado,2021,15854,58
El Poblado,2021,15855,320
El Poblado,2021,15859,361
El Poblado,2021,15860,351
El Poblado,2021,15861,130
El Poblado,2021,15862,668
El Poblado,2021,15863,612
El Poblado,2021,15865,165
El Poblado,2021,15866,235
El Poblado,2021,15870,222
El Poblado,2021,15872,124
El Poblado,2021,15874,455
El Poblado,2021,15880,66
El Poblado,2021,15885,69
El Poblado,2021,15886,71
El Poblado,2021,15895,69
El Poblado,2021,15897,59
El Poblado,2021,15898,67
El Poblado,2021,15901,373
El Poblado,2021,15926,278
El Poblado,2021,15927,83
El Poblado,2021,15928,57
El Poblado,2021,15929,59
El Poblado,2021,15930,72
El Poblado,2021,15969,198
El Poblado,2021,15971,76
El Poblado,2022,15983,101
El Poblado,2022,15993,325
El Poblado,2022,15999,89
El Poblado,2022,16012,89
El Poblado,2022,16035,82
El Poblado,2022,16038,81
El Poblado,2022,16053,253
El Poblado,2022,16165,100
El Poblado,2022,16179,366
El Poblado,2022,16180,70
El Poblado,2022,16183,261
El Poblado,2022,16189,86
El Poblado,2022,16190,100
El Poblado,2022,16192,151
El Poblado,2022,16193,111
El Poblado,2022,16194,79
El Poblado,2022,16197,70
El Poblado,2022,16199,115
El Poblado,2022,16205,117
El Poblado,2022,16210,85
El Poblado,2022,16212,77
El Poblado,2022,16213,70
El Poblado,2022,16217,134
El Poblado,2022,16218,122
El Poblado,2022,16219,93
El Poblado,2022,16227,205
El Poblado,2022,16238,224
El Poblado,2022,16240,166
El Poblado,2022,16241,104
El Poblado,2022,16246,144
El Poblado,2022,16248,98
El Poblado,2022,16253,105
El Poblado,2022,16269,169
El Poblado,2022,16273,131
El Poblado,2022,16277,549
El Poblado,2022,16279,87
El Poblado,2022,16280,100
El Poblado,2022,16283,197
El Poblado,2022,16300,524
El Poblado,2022,16301,209
El Poblado,2022,16302,88
El Poblado,2022,16312,120
El Poblado,2022,16314,106
El Poblado,2022,16327,71
El Poblado,2022,16328,351
El Poblado,2022,16332,417
El Poblado,2022,16333,412
El Poblado,2022,16334,125
El Poblado,2022,16335,870
El Poblado,2022,16336,771
El Poblado,2022,16337,198
El Poblado,2022,16338,261
El Poblado,2022,16342,289
El Poblado,2022,16344,156
El Poblado,2022,16346,534
El Poblado,2022,16357,100
El Poblado,2022,16358,75
El Poblado,2022,16367,77
El Poblado,2022,16369,73
El Poblado,2022,16370,76
El Poblado,2022,16373,458
El Poblado,2022,16396,368
El Poblado,2022,16397,95
El Poblado,2022,16399,77
El Poblado,2022,16400,83
El Poblado,2022,16437,255
El Poblado,2022,16439,75
Guayabal,2018,16500,55
Guayabal,2018,16504,36
Guayabal,2018,16513,55
Guayabal,2018,16519,280
Guayabal,2018,16536,45
Guayabal,2018,16537,23
Guayabal,2018,16547,27
Guayabal,2018,16555,70
Guayabal,2018,16569,48
Guayabal,2018,16575,67
Guayabal,2018,16616,40
Guayabal,2018,16623,44
Guayabal,2018,16625,53
Guayabal,2018,16644,32
Guayabal,2018,16648,55
Guayabal,2018,16651,28
Guayabal,2018,16654,28
Guayabal,2018,16655,25
Guayabal,2018,16658,82
Guayabal,2018,16659,55
Guayabal,2018,16664,28
Guayabal,2018,16670,32
Guayabal,2018,16675,48
Guayabal,2018,16678,58
Guayabal,2018,16679,23
Guayabal,2018,16682,67
Guayabal,2018,16683,205
Guayabal,2018,16684,64
Guayabal,2018,16687,34
Guayabal,2018,16688,31
Guayabal,2018,16689,27
Guayabal,2018,16692,28
Guayabal,2018,16695,73
Guayabal,2018,16699,31
Guayabal,2018,16700,41
Guayabal,2018,16703,63
Guayabal,2018,16705,57
Guayabal,2018,16706,42
Guayabal,2018,16713,39
Guayabal,2018,16716,35
Guayabal,2018,16718,67
Guayabal,2018,16743,101
Guayabal,2018,16745,46
Guayabal,2018,16746,89
Guayabal,2018,16749,45
Guayabal,2018,16766,49
Guayabal,2018,16796,147
Guayabal,2018,16800,40
Guayabal,2018,16801,54
Guayabal,2018,16802,66
Guayabal,2018,16806,58
Guayabal,2018,16811,60
Guayabal,2018,16817,47
Guayabal,2018,16822,25
Guayabal,2018,16835,25
Guayabal,2018,16838,37
Guayabal,2018,16900,78
Guayabal,2019,16964,67
Guayabal,2019,16968,47
Guayabal,2019,16977,53
Guayabal,2019,16983,292
Guayabal,2019,16989,24
Guayabal,2019,17000,43
Guayabal,2019,17011,26
Guayabal,2019,17019,67
Guayabal,2019,17033,48
Guayabal,2019,17039,68
Guayabal,2019,17080,42
Guayabal,2019,17087,40
Guayabal,2019,17089,56
Guayabal,2019,17109,33
Guayabal,2019,17113,54
Guayabal,2019,17116,33
Guayabal,2019,17119,26
Guayabal,2019,17120,26
Guayabal,2019,17123,102
Guayabal,2019,17124,55
Guayabal,2019,17129,40
Guayabal,2019,17131,27
Guayabal,2019,17135,31
Guayabal,2019,17140,44
Guayabal,2019,17143,61
Guayabal,2019,17144,24
Guayabal,2019,17148,73
Guayabal,2019,17149,211
Guayabal,2019,17150,76
Guayabal,2019,17153,36
Guayabal,2019,17154,32
Guayabal,2019,17155,26
Guayabal,2019,17158,31
Guayabal,2019,17161,77
Guayabal,2019,17165,31
Guayabal,2019,17166,36
Guayabal,2019,17169,60
Guayabal,2019,17171,51
Guayabal,2019,17172,40
Guayabal,2019,17179,49
Guayabal,2019,17182,39
Guayabal,2019,17184,63
Guayabal,2019,17209,123
Guayabal,2019,17211,50
Guayabal,2019,17212,75
Guayabal,2019,17215,47
Guayabal,2019,17232,55
Guayabal,2019,17233,23
Guayabal,2019,17259,25
Guayabal,2019,17262,182
Guayabal,2019,17266,46
Guayabal,2019,17267,63
Guayabal,2019,17268,70
Guayabal,2019,17272,57
Guayabal,2019,17276,57
Guayabal,2019,17282,45
Guayabal,2019,17287,28
Guayabal,2019,17303,51
Guayabal,2019,17367,90
Guayabal,2020,17391,22
Guayabal,2020,17433,52
Guayabal,2020,17436,25
Guayabal,2020,17437,38
Guayabal,2020,17446,54
Guayabal,2020,17452,261
Guayabal,2020,17469,37
Guayabal,2020,17470,22
Guayabal,2020,17481,26
Guayabal,2020,17488,59
Guayabal,2020,17502,40
Guayabal,2020,17508,67
Guayabal,2020,17549,43
Guayabal,2020,17556,38
Guayabal,2020,17558,43
Guayabal,2020,17578,29
Guayabal,2020,17582,52
Guayabal,2020,17585,33
Guayabal,2020,17588,26
Guayabal,2020,17589,25
Guayabal,2020,17592,81
Guayabal,2020,17593,49
Guayabal,2020,17598,30
Guayabal,2020,17600,23
Guayabal,2020,17604,31
Guayabal,2020,17609,44
Guayabal,2020,17611,21
Guayabal,2020,17612,55
Guayabal,2020,17616,66
Guayabal,2020,17617,172
Guayabal,2020,17618,61
Guayabal,2020,17621,28
Guayabal,2020,17622,25
Guayabal,2020,17623,21
Guayabal,2020,17626,28
Guayabal,2020,17629,64
Guayabal,2020,17633,32
Guayabal,2020,17634,37
Guayabal,2020,17637,53
Guayabal,2020,17639,50
Guayabal,2020,17640,30
Guayabal,2020,17645,26
Guayabal,2020,17647,39
Guayabal,2020,17649,39
Guayabal,2020,17651,65
Guayabal,2020,17665,21
Guayabal,2020,17676,85
Guayabal,2020,17677,24
Guayabal,2020,17678,33
Guayabal,2020,17679,68
Guayabal,2020,17682,36
Guayabal,2020,17699,47
Guayabal,2020,17700,24
Guayabal,2020,17728,22
Guayabal,2020,17731,187
Guayabal,2020,17732,21
Guayabal,2020,17735,46
Guayabal,2020,17736,62
Guayabal,2020,17737,69
Guayabal,2020,17741,51
Guayabal,2020,17745,49
Guayabal,2020,17751,48
Guayabal,2020,17772,45
Guayabal,2020,17836,70
Guayabal,2021,17859,35
Guayabal,2021,17905,75
Guayabal,2021,17908,33
Guayabal,2021,17909,46
Guayabal,2021,17918,53
Guayabal,2021,17923,311
Guayabal,2021,17940,37
Guayabal,2021,17951,30
Guayabal,2021,17958,30
Guayabal,2021,17959,58
Guayabal,2021,17973,47
Guayabal,2021,17979,88
Guayabal,2021,18020,54
Guayabal,2021,18027,40
Guayabal,2021,18029,63
Guayabal,2021,18049,44
Guayabal,2021,18053,71
Guayabal,2021,18056,35
Guayabal,2021,18059,41
Guayabal,2021,18060,30
Guayabal,2021,18063,96
Guayabal,2021,18064,60
Guayabal,2021,18069,41
Guayabal,2021,18071,29
Guayabal,2021,18075,39
Guayabal,2021,18080,48
Guayabal,2021,18083,61
Guayabal,2021,18086,42
Guayabal,2021,18087,73
Guayabal,2021,18088,218
Guayabal,2021,18089,76
Guayabal,2021,18092,35
Guayabal,2021,18093,38
Guayabal,2021,18094,34
Guayabal,2021,18097,33
Guayabal,2021,18100,79
Guayabal,2021,18104,40
Guayabal,2021,18105,41
Guayabal,2021,18108,75
Guayabal,2021,18110,71
Guayabal,2021,18111,37
Guayabal,2021,18116,37
Guayabal,2021,18118,46
Guayabal,2021,18121,47
Guayabal,2021,18123,79
Guayabal,2021,18138,31
Guayabal,2021,18149,131
Guayabal,2021,18151,48
Guayabal,2021,18152,84
Guayabal,2021,18155,51
Guayabal,2021,18172,61
Guayabal,2021,18173,26
Guayabal,2021,18204,28
Guayabal,2021,18207,306
Guayabal,2021,18208,32
Guayabal,2021,18211,72
Guayabal,2021,18212,91
Guayabal,2021,18215,67
Guayabal,2021,18219,65
Guayabal,2021,18223,67
Guayabal,2021,18229,52
Guayabal,2021,18250,74
Guayabal,2021,18318,71
Guayabal,2021,18320,28
Guayabal,2022,18342,33
Guayabal,2022,18384,84
Guayabal,2022,18387,31
Guayabal,2022,18388,43
Guayabal,2022,18396,47
Guayabal,2022,18402,336
Guayabal,2022,18413,26
Guayabal,2022,18419,42
Guayabal,2022,18430,29
Guayabal,2022,18436,29
Guayabal,2022,18437,55
Guayabal,2022,18451,47
Guayabal,2022,18457,91
Guayabal,2022,18499,62
Guayabal,2022,18506,43
Guayabal,2022,18508,74
Guayabal,2022,18528,40
Guayabal,2022,18532,65
Guayabal,2022,18535,37
Guayabal,2022,18538,44
Guayabal,2022,18539,35
Guayabal,2022,18542,98
Guayabal,2022,18543,55
Guayabal,2022,18548,36
Guayabal,2022,18554,44
Guayabal,2022,18559,54
Guayabal,2022,18561,24
Guayabal,2022,18562,66
Guayabal,2022,18565,44
Guayabal,2022,18566,77
Guayabal,2022,18567,234
Guayabal,2022,18568,65
Guayabal,2022,18571,34
Guayabal,2022,18572,35
Guayabal,2022,18573,24
Guayabal,2022,18576,28
Guayabal,2022,18579,79
Guayabal,2022,18583,42
Guayabal,2022,18584,39
Guayabal,2022,18587,72
Guayabal,2022,18589,78
Guayabal,2022,18590,34
Guayabal,2022,18595,36
Guayabal,2022,18597,36
Guayabal,2022,18600,48
Guayabal,2022,18602,84
Guayabal,2022,18626,143
Guayabal,2022,18628,52
Guayabal,2022,18629,76
Guayabal,2022,18632,68
Guayabal,2022,18649,59
Guayabal,2022,18650,25
Guayabal,2022,18677,28
Guayabal,2022,18680,300
Guayabal,2022,18681,26
Guayabal,2022,18684,91
Guayabal,2022,18685,81
Guayabal,2022,18687,62
Guayabal,2022,18691,63
Guayabal,2022,18693,27
Guayabal,2022,18695,65
Guayabal,2022,18701,43
Guayabal,2022,18706,26
Guayabal,2022,18722,52
Guayabal,2022,18786,101
Guayabal,2022,18788,27
La America,2018,18849,47
La America,2018,18868,153
La America,2018,18885,29
La America,2018,18993,61
La America,2018,18997,58
La America,2018,19000,30
La America,2018,19003,47
La America,2018,19007,49
La America,2018,19008,27
La America,2018,19010,29
La America,2018,19019,31
La America,2018,19027,26
La America,2018,19031,30
La America,2018,19032,211
La America,2018,19033,94
La America,2018,19034,34
La America,2018,19036,35
La America,2018,19037,23
La America,2018,19038,30
La America,2018,19041,30
La America,2018,19044,61
La America,2018,19047,21
La America,2018,19048,52
La America,2018,19049,76
La America,2018,19052,74
La America,2018,19054,81
La America,2018,19055,31
La America,2018,19060,40
La America,2018,19062,81
La America,2018,19065,22
La America,2018,19067,37
La America,2018,19092,109
La America,2018,19094,44
La America,2018,19095,70
La America,2018,19098,42
La America,2018,19115,42
La America,2018,19142,43
La America,2018,19145,77
La America,2018,19146,34
La America,2018,19147,26
La America,2018,19148,32
La America,2018,19149,29
La America,2018,19150,75
La America,2018,19151,104
La America,2018,19155,68
La America,2018,19157,27
La America,2018,19160,42
La America,2018,19161,25
La America,2018,19166,23
La America,2018,19187,44
La America,2018,19210,23
La America,2018,19249,160
La America,2018,19251,33
La America,2019,19313,55
La America,2019,19332,156
La America,2019,19349,32
La America,2019,19458,66
La America,2019,19462,61
La America,2019,19465,33
La America,2019,19468,49
La America,2019,19469,21
La America,2019,19472,54
La America,2019,19473,30
La America,2019,19475,26
La America,2019,19484,32
La America,2019,19492,23
La America,2019,19497,32
La America,2019,19498,208
La America,2019,19499,86
La America,2019,19500,35
La America,2019,19502,34
La America,2019,19504,33
La America,2019,19507,30
La America,2019,19510,70
La America,2019,19513,23
La America,2019,19514,53
La America,2019,19515,66
La America,2019,19518,75
La America,2019,19520,94
La America,2019,19521,38
La America,2019,19526,38
La America,2019,19528,82
La America,2019,19531,23
La America,2019,19533,36
La America,2019,19558,112
La America,2019,19560,55
La America,2019,19561,83
La America,2019,19564,44
La America,2019,19581,52
La America,2019,19584,21
La America,2019,19608,49
La America,2019,19611,96
La America,2019,19612,41
La America,2019,19613,24
La America,2019,19614,23
La America,2019,19615,32
La America,2019,19616,67
La America,2019,19617,95
La America,2019,19621,68
La America,2019,19625,37
La America,2019,19631,24
La America,2019,19652,51
La America,2019,19676,22
La America,2019,19678,21
La America,2019,19716,167
La America,2019,19718,37
La America,2020,19782,55
La America,2020,19785,22
La America,2020,19786,20
La America,2020,19801,133
La America,2020,19818,29
La America,2020,19927,59
La America,2020,19931,62
La America,2020,19934,28
La America,2020,19937,46
La America,2020,19938,25
La America,2020,19941,42
La America,2020,19942,28
La America,2020,19943,18
La America,2020,19944,24
La America,2020,19953,25
La America,2020,19958,20
La America,2020,19961,22
La America,2020,19965,29
La America,2020,19966,194
La America,2020,19967,88
La America,2020,19968,34
La America,2020,19970,27
La America,2020,19972,31
La America,2020,19975,30
La America,2020,19978,60
La America,2020,19981,25
La America,2020,19982,57
La America,2020,19983,57
La America,2020,19986,56
La America,2020,19988,80
La America,2020,19989,28
La America,2020,19994,38
La America,2020,19996,73
La America,2020,19998,24
La America,2020,20000,31
La America,2020,20025,102
La America,2020,20027,29
La America,2020,20028,57
La America,2020,20031,32
La America,2020,20048,51
La America,2020,20051,21
La America,2020,20077,44
La America,2020,20080,90
La America,2020,20081,31
La America,2020,20082,29
La America,2020,20083,18
La America,2020,20084,26
La America,2020,20085,63
La America,2020,20086,93
La America,2020,20090,62
La America,2020,20094,28
La America,2020,20100,22
La America,2020,20121,53
La America,2020,20148,23
La America,2020,20185,147
La America,2020,20187,36
La America,2021,20254,56
La America,2021,20257,37
La America,2021,20272,147
La America,2021,20289,27
La America,2021,20369,22
La America,2021,20378,21
La America,2021,20398,75
La America,2021,20402,76
La America,2021,20405,29
La America,2021,20408,55
La America,2021,20409,31
La America,2021,20412,44
La America,2021,20413,35
La America,2021,20415,22
La America,2021,20418,25
La America,2021,20424,32
La America,2021,20429,24
La America,2021,20432,22
La America,2021,20436,34
La America,2021,20437,215
La America,2021,20438,97
La America,2021,20439,34
La America,2021,20441,27
La America,2021,20443,33
La America,2021,20446,39
La America,2021,20449,58
La America,2021,20452,26
La America,2021,20453,60
La America,2021,20454,55
La America,2021,20457,75
La America,2021,20459,104
La America,2021,20460,31
La America,2021,20465,57
La America,2021,20467,96
La America,2021,20470,28
La America,2021,20472,40
La America,2021,20498,106
La America,2021,20500,34
La America,2021,20501,61
La America,2021,20504,36
La America,2021,20521,64
La America,2021,20522,22
La America,2021,20524,27
La America,2021,20553,56
La America,2021,20556,121
La America,2021,20557,36
La America,2021,20558,40
La America,2021,20559,29
La America,2021,20560,44
La America,2021,20561,85
La America,2021,20564,83
La America,2021,20568,74
La America,2021,20570,24
La America,2021,20572,35
La America,2021,20578,21
La America,2021,20599,56
La America,2021,20625,22
La America,2021,20627,24
La America,2021,20640,26
La America,2021,20667,131
La America,2021,20669,62
La America,2022,20733,58
La America,2022,20736,30
La America,2022,20751,157
La America,2022,20768,33
La America,2022,20848,32
La America,2022,20877,82
La America,2022,20881,70
La America,2022,20884,28
La America,2022,20887,50
La America,2022,20888,26
La America,2022,20891,50
La America,2022,20892,38
La America,2022,20903,37
La America,2022,20908,24
La America,2022,20911,26
La America,2022,20915,31
La America,2022,20916,225
La America,2022,20917,103
La America,2022,20918,29
La America,2022,20920,37
La America,2022,20922,32
La America,2022,20925,43
La America,2022,20928,61
La America,2022,20932,52
La America,2022,20933,50
La America,2022,20936,77
La America,2022,20938,116
La America,2022,20939,26
La America,2022,20944,65
La America,2022,20946,94
La America,2022,20949,24
La America,2022,20951,38
La America,2022,20975,132
La America,2022,20977,41
La America,2022,20978,68
La America,2022,20981,43
La America,2022,20998,80
La America,2022,20999,23
La America,2022,21001,26
La America,2022,21026,52
La America,2022,21029,132
La America,2022,21030,43
La America,2022,21031,43
La America,2022,21032,26
La America,2022,21033,44
La America,2022,21034,74
La America,2022,21036,78
La America,2022,21040,70
La America,2022,21042,30
La America,2022,21044,39
La America,2022,21055,23
La America,2022,21071,59
La America,2022,21095,24
La America,2022,21097,26
La America,2022,21112,25
La America,2022,21135,170
La America,2022,21137,53
La Candelaria,2018,21198,209
La Candelaria,2018,21211,108
La Candelaria,2018,21234,315
La Candelaria,2018,21235,76
La Candelaria,2018,21267,99
La Candelaria,2018,21314,131
La Candelaria,2018,21316,89
La Candelaria,2018,21323,116
La Candelaria,2018,21342,158
La Candelaria,2018,21346,143
La Candelaria,2018,21352,88
La Candelaria,2018,21356,374
La Candelaria,2018,21357,596
La Candelaria,2018,21358,168
La Candelaria,2018,21359,90
La Candelaria,2018,21364,98
La Candelaria,2018,21365,88
La Candelaria,2018,21368,86
La Candelaria,2018,21369,90
La Candelaria,2018,21373,88
La Candelaria,2018,21376,141
La Candelaria,2018,21379,96
La Candelaria,2018,21380,246
La Candelaria,2018,21381,416
La Candelaria,2018,21382,889
La Candelaria,2018,21383,102
La Candelaria,2018,21385,121
La Candelaria,2018,21386,117
La Candelaria,2018,21387,126
La Candelaria,2018,21390,438
La Candelaria,2018,21392,253
La Candelaria,2018,21393,461
La Candelaria,2018,21395,164
La Candelaria,2018,21396,87
La Candelaria,2018,21397,262
La Candelaria,2018,21398,236
La Candelaria,2018,21402,410
La Candelaria,2018,21403,447
La Candelaria,2018,21404,697
La Candelaria,2018,21405,101
La Candelaria,2018,21411,114
La Candelaria,2018,21416,103
La Candelaria,2018,21426,190
La Candelaria,2018,21433,158
La Candelaria,2018,21439,122
La Candelaria,2018,21441,634
La Candelaria,2018,21442,78
La Candelaria,2018,21443,389
La Candelaria,2018,21444,182
La Candelaria,2018,21447,410
La Candelaria,2018,21463,96
La Candelaria,2018,21491,99
La Candelaria,2018,21494,631
La Candelaria,2018,21495,131
La Candelaria,2018,21496,216
La Candelaria,2018,21497,88
La Candelaria,2018,21498,119
La Candelaria,2018,21499,197
La Candelaria,2018,21500,113
La Candelaria,2018,21504,226
La Candelaria,2018,21509,93
La Candelaria,2018,21520,88
La Candelaria,2018,21536,150
La Candelaria,2018,21558,84
La Candelaria,2018,21559,118
La Candelaria,2018,21580,97
La Candelaria,2018,21591,89
La Candelaria,2018,21598,298
La Candelaria,2018,21600,95
La Candelaria,2019,21620,72
La Candelaria,2019,21662,217
La Candelaria,2019,21675,112
La Candelaria,2019,21687,81
La Candelaria,2019,21698,324
La Candelaria,2019,21699,79
La Candelaria,2019,21731,109
La Candelaria,2019,21778,127
La Candelaria,2019,21780,103
La Candelaria,2019,21787,108
La Candelaria,2019,21807,160
La Candelaria,2019,21811,149
La Candelaria,2019,21817,108
La Candelaria,2019,21821,361
La Candelaria,2019,21822,605
La Candelaria,2019,21823,168
La Candelaria,2019,21824,94
La Candelaria,2019,21829,107
La Candelaria,2019,21830,89
La Candelaria,2019,21833,108
La Candelaria,2019,21834,103
La Candelaria,2019,21838,79
La Candelaria,2019,21841,161
La Candelaria,2019,21845,94
La Candelaria,2019,21846,268
La Candelaria,2019,21847,431
La Candelaria,2019,21848,938
La Candelaria,2019,21849,107
La Candelaria,2019,21851,115
La Candelaria,2019,21852,119
La Candelaria,2019,21853,122
La Candelaria,2019,21856,462
La Candelaria,2019,21858,267
La Candelaria,2019,21859,466
La Candelaria,2019,21861,159
La Candelaria,2019,21862,98
La Candelaria,2019,21863,274
La Candelaria,2019,21864,220
La Candelaria,2019,21868,397
La Candelaria,2019,21869,481
La Candelaria,2019,21870,712
La Candelaria,2019,21871,109
La Candelaria,2019,21877,122
La Candelaria,2019,21882,110
La Candelaria,2019,21892,204
La Candelaria,2019,21899,154
La Candelaria,2019,21905,130
La Candelaria,2019,21907,667
La Candelaria,2019,21908,89
La Candelaria,2019,21909,380
La Candelaria,2019,21910,223
La Candelaria,2019,21913,421
La Candelaria,2019,21929,83
La Candelaria,2019,21957,104
La Candelaria,2019,21960,690
La Candelaria,2019,21961,132
La Candelaria,2019,21962,221
La Candelaria,2019,21964,126
La Candelaria,2019,21965,208
La Candelaria,2019,21966,116
La Candelaria,2019,21970,232
La Candelaria,2019,21974,79
La Candelaria,2019,21985,101
La Candelaria,2019,22001,188
La Candelaria,2019,22024,84
La Candelaria,2019,22025,87
La Candelaria,2019,22047,95
La Candelaria,2019,22058,83
La Candelaria,2019,22065,337
La Candelaria,2019,22067,101
La Candelaria,2020,22089,73
La Candelaria,2020,22131,170
La Candelaria,2020,22144,104
La Candelaria,2020,22150,929
La Candelaria,2020,22167,283
La Candelaria,2020,22168,70
La Candelaria,2020,22200,82
La Candelaria,2020,22247,112
La Candelaria,2020,22249,110
La Candelaria,2020,22254,67
La Candelaria,2020,22256,103
La Candelaria,2020,22276,145
La Candelaria,2020,22280,130
La Candelaria,2020,22286,87
La Candelaria,2020,22290,352
La Candelaria,2020,22291,578
La Candelaria,2020,22292,159
La Candelaria,2020,22293,80
La Candelaria,2020,22298,97
La Candelaria,2020,22299,96
La Candelaria,2020,22302,117
La Candelaria,2020,22303,101
La Candelaria,2020,22307,79
La Candelaria,2020,22310,164
La Candelaria,2020,22313,92
La Candelaria,2020,22314,252
La Candelaria,2020,22315,386
La Candelaria,2020,22316,781
La Candelaria,2020,22317,100
La Candelaria,2020,22319,105
La Candelaria,2020,22320,102
La Candelaria,2020,22321,103
La Candelaria,2020,22324,393
La Candelaria,2020,22326,238
La Candelaria,2020,22327,430
La Candelaria,2020,22329,136
La Candelaria,2020,22330,97
La Candelaria,2020,22331,233
La Candelaria,2020,22332,208
La Candelaria,2020,22336,354
La Candelaria,2020,22337,454
La Candelaria,2020,22338,608
La Candelaria,2020,22339,94
La Candelaria,2020,22343,99
La Candelaria,2020,22345,101
La Candelaria,2020,22349,104
La Candelaria,2020,22359,185
La Candelaria,2020,22366,161
La Candelaria,2020,22372,109
La Candelaria,2020,22374,475
La Candelaria,2020,22376,300
La Candelaria,2020,22377,146
La Candelaria,2020,22380,288
La Candelaria,2020,22396,74
La Candelaria,2020,22426,87
La Candelaria,2020,22429,690
La Candelaria,2020,22430,123
La Candelaria,2020,22431,203
La Candelaria,2020,22433,127
La Candelaria,2020,22434,193
La Candelaria,2020,22435,110
La Candelaria,2020,22439,195
La Candelaria,2020,22443,74
La Candelaria,2020,22454,71
La Candelaria,2020,22470,163
La Candelaria,2020,22494,81
La Candelaria,2020,22495,76
La Candelaria,2020,22516,75
La Candelaria,2020,22527,70
La Candelaria,2020,22534,254
La Candelaria,2020,22536,82
La Candelaria,2021,22557,75
La Candelaria,2021,22603,188
La Candelaria,2021,22616,112
La Candelaria,2021,22638,281
La Candelaria,2021,22639,77
La Candelaria,2021,22671,105
La Candelaria,2021,22718,112
La Candelaria,2021,22720,115
La Candelaria,2021,22727,111
La Candelaria,2021,22747,167
La Candelaria,2021,22751,146
La Candelaria,2021,22757,98
La Candelaria,2021,22761,356
La Candelaria,2021,22762,606
La Candelaria,2021,22763,165
La Candelaria,2021,22764,83
La Candelaria,2021,22769,111
La Candelaria,2021,22770,97
La Candelaria,2021,22773,135
La Candelaria,2021,22774,104
La Candelaria,2021,22778,80
La Candelaria,2021,22781,178
La Candelaria,2021,22784,121
La Candelaria,2021,22785,266
La Candelaria,2021,22786,445
La Candelaria,2021,22787,815
La Candelaria,2021,22788,123
La Candelaria,2021,22790,119
La Candelaria,2021,22791,108
La Candelaria,2021,22792,111
La Candelaria,2021,22795,406
La Candelaria,2021,22797,245
La Candelaria,2021,22798,472
La Candelaria,2021,22800,143
La Candelaria,2021,22801,111
La Candelaria,2021,22802,262
La Candelaria,2021,22803,225
La Candelaria,2021,22807,345
La Candelaria,2021,22808,485
La Candelaria,2021,22809,640
La Candelaria,2021,22810,103
La Candelaria,2021,22814,113
La Candelaria,2021,22816,136
La Candelaria,2021,22821,117
La Candelaria,2021,22832,187
La Candelaria,2021,22839,149
La Candelaria,2021,22845,109
La Candelaria,2021,22847,521
La Candelaria,2021,22849,307
La Candelaria,2021,22850,136
La Candelaria,2021,22853,347
La Candelaria,2021,22902,99
La Candelaria,2021,22905,772
La Candelaria,2021,22906,133
La Candelaria,2021,22907,236
La Candelaria,2021,22909,160
La Candelaria,2021,22910,226
La Candelaria,2021,22913,97
La Candelaria,2021,22917,213
La Candelaria,2021,22921,87
La Candelaria,2021,22932,76
La Candelaria,2021,22948,219
La Candelaria,2021,22973,84
La Candelaria,2021,22974,86
La Candelaria,2021,22997,92
La Candelaria,2021,23008,80
La Candelaria,2021,23016,252
La Candelaria,2021,23018,100
La Candelaria,2022,23040,93
La Candelaria,2022,23082,199
La Candelaria,2022,23094,129
La Candelaria,2022,23117,282
La Candelaria,2022,23149,109
La Candelaria,2022,23197,130
La Candelaria,2022,23199,136
La Candelaria,2022,23206,123
La Candelaria,2022,23226,187
La Candelaria,2022,23230,158
La Candelaria,2022,23236,119
La Candelaria,2022,23240,400
La Candelaria,2022,23241,639
La Candelaria,2022,23242,196
La Candelaria,2022,23243,87
La Candelaria,2022,23248,122
La Candelaria,2022,23249,114
La Candelaria,2022,23252,154
La Candelaria,2022,23253,105
La Candelaria,2022,23257,89
La Candelaria,2022,23260,197
La Candelaria,2022,23263,118
La Candelaria,2022,23264,284
La Candelaria,2022,23265,474
La Candelaria,2022,23266,847
La Candelaria,2022,23267,115
La Candelaria,2022,23269,117
La Candelaria,2022,23270,101
La Candelaria,2022,23271,118
La Candelaria,2022,23274,443
La Candelaria,2022,23276,250
La Candelaria,2022,23277,497
La Candelaria,2022,23279,142
La Candelaria,2022,23280,121
La Candelaria,2022,23281,285
La Candelaria,2022,23282,222
La Candelaria,2022,23286,381
La Candelaria,2022,23287,532
La Candelaria,2022,23288,697
La Candelaria,2022,23289,101
La Candelaria,2022,23293,144
La Candelaria,2022,23295,142
La Candelaria,2022,23300,123
La Candelaria,2022,23309,200
La Candelaria,2022,23316,156
La Candelaria,2022,23322,102
La Candelaria,2022,23324,569
La Candelaria,2022,23326,322
La Candelaria,2022,23327,148
La Candelaria,2022,23330,367
La Candelaria,2022,23347,92
La Candelaria,2022,23375,120
La Candelaria,2022,23378,938
La Candelaria,2022,23379,157
La Candelaria,2022,23380,258
La Candelaria,2022,23382,203
La Candelaria,2022,23383,244
La Candelaria,2022,23385,112
La Candelaria,2022,23389,240
La Candelaria,2022,23393,102
La Candelaria,2022,23404,100
La Candelaria,2022,23420,222
La Candelaria,2022,23443,98
La Candelaria,2022,23444,91
La Candelaria,2022,23466,107
La Candelaria,2022,23477,97
La Candelaria,2022,23484,356
La Candelaria,2022,23486,97
Laureles Estadio,2018,23506,73
Laureles Estadio,2018,23547,118
Laureles Estadio,2018,23550,52
Laureles Estadio,2018,23566,301
Laureles Estadio,2018,23583,70
Laureles Estadio,2018,23691,165
Laureles Estadio,2018,23695,141
Laureles Estadio,2018,23698,61
Laureles Estadio,2018,23701,99
Laureles Estadio,2018,23702,53
Laureles Estadio,2018,23704,58
Laureles Estadio,2018,23705,130
Laureles Estadio,2018,23706,124
Laureles Estadio,2018,23711,54
Laureles Estadio,2018,23717,87
Laureles Estadio,2018,23722,61
Laureles Estadio,2018,23725,49
Laureles Estadio,2018,23729,79
Laureles Estadio,2018,23730,252
Laureles Estadio,2018,23731,120
Laureles Estadio,2018,23736,49
Laureles Estadio,2018,23739,115
Laureles Estadio,2018,23742,69
Laureles Estadio,2018,23744,50
Laureles Estadio,2018,23745,58
Laureles Estadio,2018,23746,95
Laureles Estadio,2018,23747,88
Laureles Estadio,2018,23750,209
Laureles Estadio,2018,23752,159
Laureles Estadio,2018,23753,85
Laureles Estadio,2018,23758,49
Laureles Estadio,2018,23760,110
Laureles Estadio,2018,23763,57
Laureles Estadio,2018,23765,80
Laureles Estadio,2018,23782,112
Laureles Estadio,2018,23790,418
Laureles Estadio,2018,23792,121
Laureles Estadio,2018,23793,128
Laureles Estadio,2018,23796,151
Laureles Estadio,2018,23813,112
Laureles Estadio,2018,23840,165
Laureles Estadio,2018,23843,425
Laureles Estadio,2018,23844,155
Laureles Estadio,2018,23845,125
Laureles Estadio,2018,23846,61
Laureles Estadio,2018,23847,84
Laureles Estadio,2018,23848,223
Laureles Estadio,2018,23849,221
Laureles Estadio,2018,23853,156
Laureles Estadio,2018,23855,60
Laureles Estadio,2018,23858,99
Laureles Estadio,2018,23869,54
Laureles Estadio,2018,23882,67
Laureles Estadio,2018,23885,109
Laureles Estadio,2018,23904,51
Laureles Estadio,2018,23907,64
Laureles Estadio,2018,23908,64
Laureles Estadio,2018,23911,67
Laureles Estadio,2018,23947,365
Laureles Estadio,2018,23949,59
Laureles Estadio,2019,23969,60
Laureles Estadio,2019,23990,72
Laureles Estadio,2019,24011,124
Laureles Estadio,2019,24014,52
Laureles Estadio,2019,24030,283
Laureles Estadio,2019,24047,58
Laureles Estadio,2019,24156,161
Laureles Estadio,2019,24160,146
Laureles Estadio,2019,24163,59
Laureles Estadio,2019,24166,101
Laureles Estadio,2019,24167,50
Laureles Estadio,2019,24169,65
Laureles Estadio,2019,24170,130
Laureles Estadio,2019,24171,109
Laureles Estadio,2019,24176,61
Laureles Estadio,2019,24182,78
Laureles Estadio,2019,24187,64
Laureles Estadio,2019,24190,51
Laureles Estadio,2019,24194,52
Laureles Estadio,2019,24195,81
Laureles Estadio,2019,24196,269
Laureles Estadio,2019,24197,109
Laureles Estadio,2019,24202,52
Laureles Estadio,2019,24205,119
Laureles Estadio,2019,24208,72
Laureles Estadio,2019,24211,70
Laureles Estadio,2019,24212,99
Laureles Estadio,2019,24213,93
Laureles Estadio,2019,24216,222
Laureles Estadio,2019,24218,179
Laureles Estadio,2019,24219,91
Laureles Estadio,2019,24224,65
Laureles Estadio,2019,24226,102
Laureles Estadio,2019,24229,64
Laureles Estadio,2019,24231,81
Laureles Estadio,2019,24248,120
Laureles Estadio,2019,24252,49
Laureles Estadio,2019,24256,446
Laureles Estadio,2019,24258,138
Laureles Estadio,2019,24259,146
Laureles Estadio,2019,24262,139
Laureles Estadio,2019,24279,125
Laureles Estadio,2019,24282,50
Laureles Estadio,2019,24306,169
Laureles Estadio,2019,24309,475
Laureles Estadio,2019,24310,171
Laureles Estadio,2019,24311,131
Laureles Estadio,2019,24312,63
Laureles Estadio,2019,24313,86
Laureles Estadio,2019,24314,204
Laureles Estadio,2019,24315,224
Laureles Estadio,2019,24319,147
Laureles Estadio,2019,24321,56
Laureles Estadio,2019,24323,96
Laureles Estadio,2019,24334,63
Laureles Estadio,2019,24347,57
Laureles Estadio,2019,24350,124
Laureles Estadio,2019,24373,68
Laureles Estadio,2019,24377,58
Laureles Estadio,2019,24414,388
Laureles Estadio,2019,24416,88
Laureles Estadio,2020,24438,61
Laureles Estadio,2020,24459,56
Laureles Estadio,2020,24480,103
Laureles Estadio,2020,24499,256
Laureles Estadio,2020,24516,56
Laureles Estadio,2020,24605,48
Laureles Estadio,2020,24625,135
Laureles Estadio,2020,24629,119
Laureles Estadio,2020,24632,51
Laureles Estadio,2020,24635,73
Laureles Estadio,2020,24636,49
Laureles Estadio,2020,24638,48
Laureles Estadio,2020,24639,114
Laureles Estadio,2020,24640,105
Laureles Estadio,2020,24645,48
Laureles Estadio,2020,24651,78
Laureles Estadio,2020,24656,58
Laureles Estadio,2020,24662,52
Laureles Estadio,2020,24663,76
Laureles Estadio,2020,24664,236
Laureles Estadio,2020,24665,108
Laureles Estadio,2020,24670,45
Laureles Estadio,2020,24673,108
Laureles Estadio,2020,24676,70
Laureles Estadio,2020,24679,57
Laureles Estadio,2020,24680,88
Laureles Estadio,2020,24681,79
Laureles Estadio,2020,24684,189
Laureles Estadio,2020,24686,175
Laureles Estadio,2020,24687,77
Laureles Estadio,2020,24692,80
Laureles Estadio,2020,24694,88
Laureles Estadio,2020,24696,54
Laureles Estadio,2020,24698,78
Laureles Estadio,2020,24715,114
Laureles Estadio,2020,24723,323
Laureles Estadio,2020,24725,112
Laureles Estadio,2020,24726,105
Laureles Estadio,2020,24729,104
Laureles Estadio,2020,24746,147
Laureles Estadio,2020,24747,47
Laureles Estadio,2020,24775,156
Laureles Estadio,2020,24778,463
Laureles Estadio,2020,24779,145
Laureles Estadio,2020,24780,124
Laureles Estadio,2020,24781,60
Laureles Estadio,2020,24782,72
Laureles Estadio,2020,24783,182
Laureles Estadio,2020,24784,212
Laureles Estadio,2020,24788,123
Laureles Estadio,2020,24790,46
Laureles Estadio,2020,24792,82
Laureles Estadio,2020,24803,46
Laureles Estadio,2020,24816,52
Laureles Estadio,2020,24819,93
Laureles Estadio,2020,24843,68
Laureles Estadio,2020,24844,50
Laureles Estadio,2020,24846,48
Laureles Estadio,2020,24847,55
Laureles Estadio,2020,24883,319
Laureles Estadio,2020,24885,76
Laureles Estadio,2021,24906,75
Laureles Estadio,2021,24952,118
Laureles Estadio,2021,24955,66
Laureles Estadio,2021,24970,296
Laureles Estadio,2021,24987,56
Laureles Estadio,2021,25076,53
Laureles Estadio,2021,25096,183
Laureles Estadio,2021,25100,156
Laureles Estadio,2021,25103,53
Laureles Estadio,2021,25106,83
Laureles Estadio,2021,25107,50
Laureles Estadio,2021,25109,71
Laureles Estadio,2021,25110,121
Laureles Estadio,2021,25111,108
Laureles Estadio,2021,25112,46
Laureles Estadio,2021,25116,60
Laureles Estadio,2021,25122,102
Laureles Estadio,2021,25127,67
Laureles Estadio,2021,25130,51
Laureles Estadio,2021,25133,59
Laureles Estadio,2021,25134,81
Laureles Estadio,2021,25135,252
Laureles Estadio,2021,25136,109
Laureles Estadio,2021,25140,45
Laureles Estadio,2021,25141,45
Laureles Estadio,2021,25144,136
Laureles Estadio,2021,25147,74
Laureles Estadio,2021,25150,92
Laureles Estadio,2021,25151,107
Laureles Estadio,2021,25152,86
Laureles Estadio,2021,25155,208
Laureles Estadio,2021,25157,191
Laureles Estadio,2021,25158,86
Laureles Estadio,2021,25163,109
Laureles Estadio,2021,25165,103
Laureles Estadio,2021,25168,56
Laureles Estadio,2021,25170,92
Laureles Estadio,2021,25188,125
Laureles Estadio,2021,25196,391
Laureles Estadio,2021,25198,108
Laureles Estadio,2021,25199,117
Laureles Estadio,2021,25202,150
Laureles Estadio,2021,25219,159
Laureles Estadio,2021,25220,68
Laureles Estadio,2021,25221,47
Laureles Estadio,2021,25251,170
Laureles Estadio,2021,25254,556
Laureles Estadio,2021,25255,153
Laureles Estadio,2021,25256,155
Laureles Estadio,2021,25257,66
Laureles Estadio,2021,25258,95
Laureles Estadio,2021,25259,206
Laureles Estadio,2021,25261,62
Laureles Estadio,2021,25262,137
Laureles Estadio,2021,25266,122
Laureles Estadio,2021,25270,90
Laureles Estadio,2021,25281,64
Laureles Estadio,2021,25294,45
Laureles Estadio,2021,25297,126
Laureles Estadio,2021,25318,45
Laureles Estadio,2021,25322,89
Laureles Estadio,2021,25323,60
Laureles Estadio,2021,25325,58
Laureles Estadio,2021,25326,54
Laureles Estadio,2021,25338,46
Laureles Estadio,2021,25365,296
Laureles Estadio,2021,25367,100
Laureles Estadio,2022,25389,90
Laureles Estadio,2022,25431,115
Laureles Estadio,2022,25434,62
Laureles Estadio,2022,25449,309
Laureles Estadio,2022,25466,60
Laureles Estadio,2022,25555,55
Laureles Estadio,2022,25575,192
Laureles Estadio,2022,25579,164
Laureles Estadio,2022,25582,59
Laureles Estadio,2022,25585,82
Laureles Estadio,2022,25586,50
Laureles Estadio,2022,25588,75
Laureles Estadio,2022,25589,134
Laureles Estadio,2022,25590,117
Laureles Estadio,2022,25595,65
Laureles Estadio,2022,25601,105
Laureles Estadio,2022,25606,61
Laureles Estadio,2022,25609,56
Laureles Estadio,2022,25613,73
Laureles Estadio,2022,25614,255
Laureles Estadio,2022,25615,95
Laureles Estadio,2022,25620,52
Laureles Estadio,2022,25623,126
Laureles Estadio,2022,25626,75
Laureles Estadio,2022,25628,49
Laureles Estadio,2022,25629,95
Laureles Estadio,2022,25630,108
Laureles Estadio,2022,25631,82
Laureles Estadio,2022,25634,226
Laureles Estadio,2022,25636,199
Laureles Estadio,2022,25637,92
Laureles Estadio,2022,25642,114
Laureles Estadio,2022,25644,104
Laureles Estadio,2022,25647,55
Laureles Estadio,2022,25649,89
Laureles Estadio,2022,25665,140
Laureles Estadio,2022,25669,62
Laureles Estadio,2022,25673,404
Laureles Estadio,2022,25674,52
Laureles Estadio,2022,25675,133
Laureles Estadio,2022,25676,101
Laureles Estadio,2022,25679,155
Laureles Estadio,2022,25696,174
Laureles Estadio,2022,25697,80
Laureles Estadio,2022,25724,169
Laureles Estadio,2022,25727,640
Laureles Estadio,2022,25728,152
Laureles Estadio,2022,25729,154
Laureles Estadio,2022,25730,72
Laureles Estadio,2022,25731,120
Laureles Estadio,2022,25732,222
Laureles Estadio,2022,25733,73
Laureles Estadio,2022,25734,150
Laureles Estadio,2022,25738,142
Laureles Estadio,2022,25740,50
Laureles Estadio,2022,25742,86
Laureles Estadio,2022,25753,66
Laureles Estadio,2022,25769,131
Laureles Estadio,2022,25789,49
Laureles Estadio,2022,25792,85
Laureles Estadio,2022,25793,56
Laureles Estadio,2022,25795,65
Laureles Estadio,2022,25796,54
Laureles Estadio,2022,25833,361
Laureles Estadio,2022,25835,99
Manrique,2018,25896,34
Manrique,2018,25899,6
Manrique,2018,25900,8
Manrique,2018,25915,52
Manrique,2018,25921,8
Manrique,2018,25922,6
Manrique,2018,25932,9
Manrique,2018,25965,14
Manrique,2018,26012,8
Manrique,2018,26038,8
Manrique,2018,26040,47
Manrique,2018,26044,19
Manrique,2018,26047,14
Manrique,2018,26048,15
Manrique,2018,26050,47
Manrique,2018,26051,13
Manrique,2018,26054,22
Manrique,2018,26055,11
Manrique,2018,26056,20
Manrique,2018,26057,29
Manrique,2018,26060,7
Manrique,2018,26079,287
Manrique,2018,26080,75
Manrique,2018,26081,11
Manrique,2018,26082,7
Manrique,2018,26083,45
Manrique,2018,26084,35
Manrique,2018,26085,13
Manrique,2018,26087,7
Manrique,2018,26088,10
Manrique,2018,26091,36
Manrique,2018,26093,7
Manrique,2018,26095,25
Manrique,2018,26096,18
Manrique,2018,26099,34
Manrique,2018,26100,8
Manrique,2018,26101,65
Manrique,2018,26102,10
Manrique,2018,26109,27
Manrique,2018,26114,6
Manrique,2018,26124,10
Manrique,2018,26130,7
Manrique,2018,26139,33
Manrique,2018,26141,20
Manrique,2018,26142,43
Manrique,2018,26145,93
Manrique,2018,26161,15
Manrique,2018,26192,11
Manrique,2018,26197,9
Manrique,2018,26198,7
Manrique,2018,26202,11
Manrique,2018,26218,6
Manrique,2018,26226,7
Manrique,2018,26231,6
Manrique,2018,26234,11
Manrique,2018,26257,6
Manrique,2018,26278,21
Manrique,2018,26283,23
Manrique,2018,26288,7
Manrique,2018,26289,8
Manrique,2018,26296,56
Manrique,2018,26298,6
Manrique,2019,26360,32
Manrique,2019,26364,11
Manrique,2019,26379,48
Manrique,2019,26390,6
Manrique,2019,26396,10
Manrique,2019,26429,17
Manrique,2019,26476,9
Manrique,2019,26483,6
Manrique,2019,26485,10
Manrique,2019,26503,6
Manrique,2019,26505,48
Manrique,2019,26509,20
Manrique,2019,26512,19
Manrique,2019,26513,17
Manrique,2019,26515,40
Manrique,2019,26516,11
Manrique,2019,26519,19
Manrique,2019,26520,9
Manrique,2019,26521,11
Manrique,2019,26522,23
Manrique,2019,26545,295
Manrique,2019,26546,74
Manrique,2019,26547,12
Manrique,2019,26548,6
Manrique,2019,26549,45
Manrique,2019,26550,41
Manrique,2019,26551,20
Manrique,2019,26553,9
Manrique,2019,26554,16
Manrique,2019,26557,44
Manrique,2019,26561,19
Manrique,2019,26562,20
Manrique,2019,26565,43
Manrique,2019,26566,7
Manrique,2019,26567,61
Manrique,2019,26568,11
Manrique,2019,26573,10
Manrique,2019,26575,22
Manrique,2019,26578,6
Manrique,2019,26580,12
Manrique,2019,26590,8
Manrique,2019,26596,7
Manrique,2019,26605,31
Manrique,2019,26607,19
Manrique,2019,26608,54
Manrique,2019,26611,93
Manrique,2019,26627,11
Manrique,2019,26658,8
Manrique,2019,26663,14
Manrique,2019,26664,10
Manrique,2019,26668,10
Manrique,2019,26683,6
Manrique,2019,26696,7
Manrique,2019,26699,14
Manrique,2019,26745,31
Manrique,2019,26750,20
Manrique,2019,26755,11
Manrique,2019,26756,8
Manrique,2019,26763,63
Manrique,2019,26765,8
Manrique,2020,26829,27
Manrique,2020,26832,6
Manrique,2020,26833,8
Manrique,2020,26848,43
Manrique,2020,26859,6
Manrique,2020,26865,7
Manrique,2020,26877,6
Manrique,2020,26898,11
Manrique,2020,26945,8
Manrique,2020,26952,6
Manrique,2020,26954,6
Manrique,2020,26974,34
Manrique,2020,26978,8
Manrique,2020,26981,18
Manrique,2020,26982,15
Manrique,2020,26983,6
Manrique,2020,26984,34
Manrique,2020,26985,14
Manrique,2020,26988,22
Manrique,2020,26989,6
Manrique,2020,26990,13
Manrique,2020,26991,20
Manrique,2020,27013,277
Manrique,2020,27014,72
Manrique,2020,27015,19
Manrique,2020,27016,6
Manrique,2020,27017,37
Manrique,2020,27018,45
Manrique,2020,27019,18
Manrique,2020,27021,7
Manrique,2020,27022,16
Manrique,2020,27025,38
Manrique,2020,27029,21
Manrique,2020,27030,19
Manrique,2020,27033,48
Manrique,2020,27034,9
Manrique,2020,27035,73
Manrique,2020,27036,11
Manrique,2020,27041,12
Manrique,2020,27043,16
Manrique,2020,27047,11
Manrique,2020,27057,8
Manrique,2020,27063,13
Manrique,2020,27072,33
Manrique,2020,27074,16
Manrique,2020,27075,41
Manrique,2020,27078,69
Manrique,2020,27094,9
Manrique,2020,27095,6
Manrique,2020,27097,6
Manrique,2020,27127,13
Manrique,2020,27128,6
Manrique,2020,27132,12
Manrique,2020,27133,13
Manrique,2020,27137,12
Manrique,2020,27141,7
Manrique,2020,27168,20
Manrique,2020,27214,20
Manrique,2020,27219,9
Manrique,2020,27225,6
Manrique,2020,27232,56
Manrique,2020,27234,7
Manrique,2021,27301,34
Manrique,2021,27305,9
Manrique,2021,27319,50
Manrique,2021,27330,7
Manrique,2021,27336,11
Manrique,2021,27347,6
Manrique,2021,27369,12
Manrique,2021,27416,11
Manrique,2021,27423,8
Manrique,2021,27425,6
Manrique,2021,27445,34
Manrique,2021,27449,21
Manrique,2021,27452,24
Manrique,2021,27453,13
Manrique,2021,27454,8
Manrique,2021,27455,47
Manrique,2021,27456,19
Manrique,2021,27459,19
Manrique,2021,27460,8
Manrique,2021,27461,14
Manrique,2021,27462,19
Manrique,2021,27463,7
Manrique,2021,27465,7
Manrique,2021,27468,6
Manrique,2021,27471,7
Manrique,2021,27479,8
Manrique,2021,27484,293
Manrique,2021,27485,84
Manrique,2021,27486,17
Manrique,2021,27487,7
Manrique,2021,27488,45
Manrique,2021,27489,54
Manrique,2021,27490,21
Manrique,2021,27492,7
Manrique,2021,27493,15
Manrique,2021,27496,38
Manrique,2021,27499,10
Manrique,2021,27500,24
Manrique,2021,27501,30
Manrique,2021,27504,50
Manrique,2021,27505,8
Manrique,2021,27506,78
Manrique,2021,27507,15
Manrique,2021,27512,19
Manrique,2021,27514,17
Manrique,2021,27517,6
Manrique,2021,27519,13
Manrique,2021,27530,8
Manrique,2021,27536,12
Manrique,2021,27545,44
Manrique,2021,27546,8
Manrique,2021,27547,15
Manrique,2021,27548,55
Manrique,2021,27551,76
Manrique,2021,27567,8
Manrique,2021,27568,19
Manrique,2021,27569,7
Manrique,2021,27570,7
Manrique,2021,27603,24
Manrique,2021,27604,7
Manrique,2021,27605,6
Manrique,2021,27608,15
Manrique,2021,27610,7
Manrique,2021,27611,16
Manrique,2021,27615,12
Manrique,2021,27619,8
Manrique,2021,27630,9
Manrique,2021,27638,6
Manrique,2021,27646,24
Manrique,2021,27672,6
Manrique,2021,27695,25
Manrique,2021,27700,9
Manrique,2021,27705,6
Manrique,2021,27706,6
Manrique,2021,27714,62
Manrique,2021,27716,10
Manrique,2022,27780,31
Manrique,2022,27784,12
Manrique,2022,27798,61
Manrique,2022,27815,9
Manrique,2022,27847,17
Manrique,2022,27895,15
Manrique,2022,27902,8
Manrique,2022,27904,10
Manrique,2022,27922,10
Manrique,2022,27924,42
Manrique,2022,27928,21
Manrique,2022,27931,26
Manrique,2022,27932,18
Manrique,2022,27933,8
Manrique,2022,27934,46
Manrique,2022,27935,15
Manrique,2022,27938,18
Manrique,2022,27939,9
Manrique,2022,27940,13
Manrique,2022,27941,18
Manrique,2022,27963,290
Manrique,2022,27964,81
Manrique,2022,27965,20
Manrique,2022,27966,9
Manrique,2022,27967,38
Manrique,2022,27968,51
Manrique,2022,27969,20
Manrique,2022,27972,20
Manrique,2022,27975,41
Manrique,2022,27978,9
Manrique,2022,27979,30
Manrique,2022,27980,35
Manrique,2022,27983,67
Manrique,2022,27984,11
Manrique,2022,27985,81
Manrique,2022,27986,10
Manrique,2022,27991,20
Manrique,2022,27993,18
Manrique,2022,27998,13
Manrique,2022,28013,12
Manrique,2022,28022,55
Manrique,2022,28024,18
Manrique,2022,28025,53
Manrique,2022,28026,9
Manrique,2022,28028,117
Manrique,2022,28044,8
Manrique,2022,28045,12
Manrique,2022,28046,8
Manrique,2022,28076,29
Manrique,2022,28081,21
Manrique,2022,28083,18
Manrique,2022,28087,12
Manrique,2022,28091,11
Manrique,2022,28102,11
Manrique,2022,28118,42
Manrique,2022,28164,28
Manrique,2022,28169,13
Manrique,2022,28175,8
Manrique,2022,28182,86
Manrique,2022,28184,12
Palmitas,2021,29643,1
Palmitas,2021,29667,1
Palmitas,2021,29685,1
Palmitas,2021,29718,1
Palmitas,2021,29723,1
Palmitas,2021,29774,1
Palmitas,2021,29798,1
Palmitas,2021,29808,1
Palmitas,2021,29813,1
Palmitas,2021,29833,7
Palmitas,2021,29835,1
Palmitas,2021,29836,1
Palmitas,2021,29845,2
Palmitas,2021,29849,1
Palmitas,2021,29859,1
Palmitas,2021,29894,2
Palmitas,2021,29896,1
Palmitas,2021,29900,1
Palmitas,2021,29980,1
Palmitas,2022,30079,1
Palmitas,2022,30129,2
Palmitas,2022,30133,2
Palmitas,2022,30147,1
Palmitas,2022,30185,1
Palmitas,2022,30196,1
Palmitas,2022,30273,1
Palmitas,2022,30277,1
Palmitas,2022,30287,1
Palmitas,2022,30288,1
Palmitas,2022,30292,1
Palmitas,2022,30307,1
Palmitas,2022,30308,1
Palmitas,2022,30312,12
Palmitas,2022,30313,1
Palmitas,2022,30314,1
Palmitas,2022,30324,1
Palmitas,2022,30328,3
Palmitas,2022,30332,1
Palmitas,2022,30362,1
Palmitas,2022,30366,1
Palmitas,2022,30371,6
Palmitas,2022,30373,1
Palmitas,2022,30374,1
Palmitas,2022,30377,4
Palmitas,2022,30394,1
Palmitas,2022,30452,1
Palmitas,2022,30461,1
Palmitas,2022,30467,1
Palmitas,2022,30508,1
Palmitas,2022,30531,2
Popular,2018,30588,3
Popular,2018,30594,19
Popular,2018,30598,4
Popular,2018,30613,21
Popular,2018,30663,3
Popular,2018,30710,10
Popular,2018,30716,3
Popular,2018,30719,3
Popular,2018,30736,3
Popular,2018,30738,21
Popular,2018,30742,16
Popular,2018,30744,3
Popular,2018,30745,6
Popular,2018,30746,5
Popular,2018,30747,4
Popular,2018,30748,32
Popular,2018,30749,8
Popular,2018,30752,9
Popular,2018,30753,3
Popular,2018,30754,9
Popular,2018,30755,5
Popular,2018,30777,151
Popular,2018,30778,44
Popular,2018,30779,9
Popular,2018,30781,29
Popular,2018,30782,19
Popular,2018,30783,13
Popular,2018,30786,9
Popular,2018,30789,26
Popular,2018,30791,4
Popular,2018,30793,11
Popular,2018,30794,4
Popular,2018,30797,24
Popular,2018,30798,7
Popular,2018,30799,37
Popular,2018,30807,7
Popular,2018,30812,3
Popular,2018,30828,4
Popular,2018,30837,17
Popular,2018,30839,11
Popular,2018,30840,15
Popular,2018,30843,106
Popular,2018,30859,6
Popular,2018,30896,3
Popular,2018,30904,4
Popular,2018,30916,4
Popular,2018,30929,3
Popular,2018,30932,7
Popular,2018,30976,10
Popular,2018,30981,20
Popular,2018,30986,5
Popular,2018,30987,5
Popular,2018,30994,20
Popular,2018,30996,4
Popular,2019,31058,26
Popular,2019,31062,4
Popular,2019,31077,23
Popular,2019,31127,3
Popular,2019,31174,7
Popular,2019,31180,5
Popular,2019,31201,3
Popular,2019,31203,24
Popular,2019,31207,15
Popular,2019,31210,11
Popular,2019,31211,8
Popular,2019,31212,3
Popular,2019,31213,26
Popular,2019,31214,9
Popular,2019,31217,8
Popular,2019,31219,6
Popular,2019,31220,9
Popular,2019,31243,180
Popular,2019,31244,47
Popular,2019,31245,9
Popular,2019,31247,34
Popular,2019,31248,22
Popular,2019,31249,11
Popular,2019,31252,14
Popular,2019,31255,27
Popular,2019,31257,3
Popular,2019,31259,9
Popular,2019,31260,6
Popular,2019,31263,17
Popular,2019,31264,5
Popular,2019,31265,35
Popular,2019,31266,3
Popular,2019,31271,4
Popular,2019,31273,11
Popular,2019,31278,5
Popular,2019,31288,3
Popular,2019,31294,5
Popular,2019,31303,17
Popular,2019,31305,14
Popular,2019,31306,26
Popular,2019,31309,89
Popular,2019,31325,6
Popular,2019,31362,3
Popular,2019,31366,3
Popular,2019,31381,5
Popular,2019,31397,9
Popular,2019,31443,14
Popular,2019,31448,16
Popular,2019,31453,6
Popular,2019,31461,27
Popular,2019,31463,3
Popular,2020,31527,24
Popular,2020,31531,4
Popular,2020,31546,14
Popular,2020,31557,3
Popular,2020,31596,6
Popular,2020,31643,5
Popular,2020,31649,3
Popular,2020,31670,3
Popular,2020,31672,12
Popular,2020,31676,15
Popular,2020,31678,3
Popular,2020,31679,9
Popular,2020,31680,7
Popular,2020,31682,14
Popular,2020,31683,6
Popular,2020,31686,10
Popular,2020,31688,7
Popular,2020,31689,8
Popular,2020,31704,3
Popular,2020,31711,154
Popular,2020,31712,43
Popular,2020,31713,17
Popular,2020,31715,35
Popular,2020,31716,22
Popular,2020,31717,8
Popular,2020,31720,14
Popular,2020,31723,27
Popular,2020,31725,3
Popular,2020,31726,4
Popular,2020,31727,8
Popular,2020,31728,13
Popular,2020,31731,22
Popular,2020,31732,5
Popular,2020,31733,38
Popular,2020,31739,7
Popular,2020,31741,6
Popular,2020,31745,4
Popular,2020,31760,3
Popular,2020,31761,7
Popular,2020,31770,17
Popular,2020,31772,11
Popular,2020,31773,25
Popular,2020,31776,67
Popular,2020,31792,4
Popular,2020,31797,3
Popular,2020,31850,4
Popular,2020,31866,12
Popular,2020,31912,14
Popular,2020,31917,9
Popular,2020,31922,4
Popular,2020,31930,24
Popular,2020,31932,3
Popular,2021,31992,4
Popular,2021,31999,33
Popular,2021,32002,5
Popular,2021,32003,9
Popular,2021,32017,25
Popular,2021,32034,3
Popular,2021,32067,5
Popular,2021,32114,11
Popular,2021,32120,3
Popular,2021,32121,3
Popular,2021,32141,5
Popular,2021,32143,27
Popular,2021,32147,19
Popular,2021,32149,6
Popular,2021,32150,12
Popular,2021,32151,7
Popular,2021,32153,33
Popular,2021,32154,11
Popular,2021,32157,12
Popular,2021,32158,3
Popular,2021,32159,9
Popular,2021,32160,5
Popular,2021,32163,5
Popular,2021,32166,3
Popular,2021,32175,3
Popular,2021,32182,188
Popular,2021,32183,63
Popular,2021,32184,15
Popular,2021,32185,3
Popular,2021,32186,37
Popular,2021,32187,30
Popular,2021,32188,8
Popular,2021,32191,18
Popular,2021,32193,5
Popular,2021,32194,38
Popular,2021,32197,5
Popular,2021,32198,11
Popular,2021,32199,13
Popular,2021,32202,30
Popular,2021,32203,8
Popular,2021,32204,40
Popular,2021,32205,6
Popular,2021,32210,8
Popular,2021,32212,15
Popular,2021,32217,9
Popular,2021,32233,4
Popular,2021,32234,9
Popular,2021,32243,24
Popular,2021,32244,3
Popular,2021,32245,14
Popular,2021,32246,31
Popular,2021,32247,3
Popular,2021,32249,82
Popular,2021,32265,6
Popular,2021,32266,9
Popular,2021,32267,3
Popular,2021,32298,3
Popular,2021,32301,6
Popular,2021,32303,4
Popular,2021,32305,5
Popular,2021,32306,5
Popular,2021,32308,3
Popular,2021,32309,5
Popular,2021,32313,7
Popular,2021,32315,3
Popular,2021,32316,3
Popular,2021,32318,4
Popular,2021,32328,6
Popular,2021,32329,6
Popular,2021,32339,3
Popular,2021,32344,15
Popular,2021,32393,21
Popular,2021,32398,8
Popular,2021,32403,4
Popular,2021,32404,3
Popular,2021,32407,3
Popular,2021,32412,26
Popular,2021,32414,7
Popular,2022,32436,3
Popular,2022,32466,4
Popular,2022,32478,30
Popular,2022,32481,6
Popular,2022,32482,6
Popular,2022,32496,28
Popular,2022,32500,3
Popular,2022,32545,6
Popular,2022,32593,7
Popular,2022,32599,3
Popular,2022,32600,3
Popular,2022,32602,3
Popular,2022,32620,9
Popular,2022,32621,3
Popular,2022,32622,40
Popular,2022,32626,18
Popular,2022,32628,7
Popular,2022,32629,10
Popular,2022,32630,12
Popular,2022,32632,39
Popular,2022,32633,12
Popular,2022,32636,13
Popular,2022,32637,5
Popular,2022,32638,11
Popular,2022,32639,9
Popular,2022,32642,5
Popular,2022,32645,4
Popular,2022,32654,4
Popular,2022,32661,200
Popular,2022,32662,67
Popular,2022,32663,20
Popular,2022,32665,33
Popular,2022,32666,36
Popular,2022,32667,9
Popular,2022,32670,20
Popular,2022,32672,5
Popular,2022,32673,41
Popular,2022,32675,3
Popular,2022,32676,4
Popular,2022,32677,12
Popular,2022,32678,13
Popular,2022,32681,35
Popular,2022,32682,6
Popular,2022,32683,52
Popular,2022,32684,4
Popular,2022,32687,3
Popular,2022,32689,8
Popular,2022,32691,13
Popular,2022,32696,9
Popular,2022,32705,3
Popular,2022,32709,4
Popular,2022,32710,5
Popular,2022,32711,8
Popular,2022,32720,26
Popular,2022,32722,16
Popular,2022,32723,28
Popular,2022,32724,4
Popular,2022,32726,94
Popular,2022,32742,6
Popular,2022,32743,9
Popular,2022,32774,13
Popular,2022,32775,6
Popular,2022,32776,3
Popular,2022,32779,4
Popular,2022,32780,4
Popular,2022,32781,8
Popular,2022,32785,10
Popular,2022,32790,3
Popular,2022,32800,9
Popular,2022,32801,7
Popular,2022,32816,13
Popular,2022,32833,3
Popular,2022,32862,23
Popular,2022,32863,3
Popular,2022,32867,10
Popular,2022,32872,6
Popular,2022,32873,5
Popular,2022,32880,47
Popular,2022,32882,9
Robledo,2018,32943,41
Robledo,2018,32946,13
Robledo,2018,32956,13
Robledo,2018,32962,77
Robledo,2018,32979,14
Robledo,2018,33012,20
Robledo,2018,33059,12
Robledo,2018,33068,14
Robledo,2018,33087,47
Robledo,2018,33088,11
Robledo,2018,33091,47
Robledo,2018,33094,27
Robledo,2018,33095,16
Robledo,2018,33097,48
Robledo,2018,33098,18
Robledo,2018,33101,42
Robledo,2018,33102,21
Robledo,2018,33104,12
Robledo,2018,33107,14
Robledo,2018,33121,11
Robledo,2018,33126,230
Robledo,2018,33127,67
Robledo,2018,33128,20
Robledo,2018,33130,43
Robledo,2018,33131,27
Robledo,2018,33132,27
Robledo,2018,33135,18
Robledo,2018,33138,42
Robledo,2018,33142,22
Robledo,2018,33143,29
Robledo,2018,33146,43
Robledo,2018,33147,12
Robledo,2018,33148,73
Robledo,2018,33149,24
Robledo,2018,33154,25
Robledo,2018,33156,42
Robledo,2018,33161,26
Robledo,2018,33177,15
Robledo,2018,33186,70
Robledo,2018,33188,29
Robledo,2018,33189,66
Robledo,2018,33190,12
Robledo,2018,33192,42
Robledo,2018,33208,21
Robledo,2018,33209,22
Robledo,2018,33236,16
Robledo,2018,33239,21
Robledo,2018,33244,22
Robledo,2018,33245,43
Robledo,2018,33249,25
Robledo,2018,33254,11
Robledo,2018,33265,12
Robledo,2018,33273,13
Robledo,2018,33278,11
Robledo,2018,33281,29
Robledo,2018,33288,11
Robledo,2018,33320,14
Robledo,2018,33343,66
Robledo,2018,33345,12
Robledo,2019,33407,42
Robledo,2019,33410,12
Robledo,2019,33411,12
Robledo,2019,33426,86
Robledo,2019,33443,12
Robledo,2019,33476,20
Robledo,2019,33523,11
Robledo,2019,33532,17
Robledo,2019,33552,54
Robledo,2019,33556,48
Robledo,2019,33559,25
Robledo,2019,33560,19
Robledo,2019,33562,49
Robledo,2019,33563,19
Robledo,2019,33566,45
Robledo,2019,33567,24
Robledo,2019,33568,14
Robledo,2019,33569,13
Robledo,2019,33572,13
Robledo,2019,33586,11
Robledo,2019,33592,242
Robledo,2019,33593,80
Robledo,2019,33594,20
Robledo,2019,33595,12
Robledo,2019,33596,37
Robledo,2019,33597,26
Robledo,2019,33598,19
Robledo,2019,33601,21
Robledo,2019,33604,42
Robledo,2019,33606,12
Robledo,2019,33608,30
Robledo,2019,33609,33
Robledo,2019,33612,41
Robledo,2019,33613,13
Robledo,2019,33614,77
Robledo,2019,33615,23
Robledo,2019,33620,20
Robledo,2019,33622,37
Robledo,2019,33627,42
Robledo,2019,33637,11
Robledo,2019,33643,12
Robledo,2019,33652,71
Robledo,2019,33654,32
Robledo,2019,33655,72
Robledo,2019,33656,13
Robledo,2019,33658,51
Robledo,2019,33674,22
Robledo,2019,33675,18
Robledo,2019,33702,12
Robledo,2019,33705,21
Robledo,2019,33706,12
Robledo,2019,33710,25
Robledo,2019,33711,45
Robledo,2019,33715,27
Robledo,2019,33719,14
Robledo,2019,33730,21
Robledo,2019,33738,12
Robledo,2019,33743,12
Robledo,2019,33746,30
Robledo,2019,33787,13
Robledo,2019,33792,22
Robledo,2019,33810,66
Robledo,2019,33812,14
Robledo,2020,33876,44
Robledo,2020,33879,12
Robledo,2020,33880,14
Robledo,2020,33895,82
Robledo,2020,33906,17
Robledo,2020,33912,12
Robledo,2020,33945,24
Robledo,2020,33992,14
Robledo,2020,34001,25
Robledo,2020,34021,48
Robledo,2020,34025,40
Robledo,2020,34028,24
Robledo,2020,34029,21
Robledo,2020,34031,44
Robledo,2020,34032,20
Robledo,2020,34035,47
Robledo,2020,34036,20
Robledo,2020,34037,18
Robledo,2020,34038,18
Robledo,2020,34041,14
Robledo,2020,34055,12
Robledo,2020,34060,281
Robledo,2020,34061,94
Robledo,2020,34062,25
Robledo,2020,34063,17
Robledo,2020,34064,45
Robledo,2020,34065,34
Robledo,2020,34066,34
Robledo,2020,34069,20
Robledo,2020,34072,57
Robledo,2020,34076,38
Robledo,2020,34077,45
Robledo,2020,34080,32
Robledo,2020,34081,18
Robledo,2020,34082,95
Robledo,2020,34083,21
Robledo,2020,34088,32
Robledo,2020,34090,34
Robledo,2020,34094,43
Robledo,2020,34104,12
Robledo,2020,34110,13
Robledo,2020,34119,84
Robledo,2020,34121,32
Robledo,2020,34122,54
Robledo,2020,34125,57
Robledo,2020,34141,18
Robledo,2020,34142,19
Robledo,2020,34171,17
Robledo,2020,34174,25
Robledo,2020,34179,28
Robledo,2020,34180,39
Robledo,2020,34184,26
Robledo,2020,34199,15
Robledo,2020,34215,30
Robledo,2020,34261,27
Robledo,2020,34279,77
Robledo,2020,34281,12
Robledo,2021,34348,49
Robledo,2021,34351,12
Robledo,2021,34352,17
Robledo,2021,34366,90
Robledo,2021,34377,15
Robledo,2021,34383,11
Robledo,2021,34416,23
Robledo,2021,34463,17
Robledo,2021,34472,26
Robledo,2021,34492,53
Robledo,2021,34496,62
Robledo,2021,34499,34
Robledo,2021,34500,20
Robledo,2021,34502,64
Robledo,2021,34503,28
Robledo,2021,34506,54
Robledo,2021,34507,18
Robledo,2021,34508,15
Robledo,2021,34509,15
Robledo,2021,34518,11
Robledo,2021,34526,17
Robledo,2021,34530,13
Robledo,2021,34531,264
Robledo,2021,34532,78
Robledo,2021,34533,22
Robledo,2021,34534,14
Robledo,2021,34535,50
Robledo,2021,34536,40
Robledo,2021,34537,29
Robledo,2021,34540,25
Robledo,2021,34543,54
Robledo,2021,34547,39
Robledo,2021,34548,47
Robledo,2021,34551,41
Robledo,2021,34553,89
Robledo,2021,34554,20
Robledo,2021,34559,54
Robledo,2021,34561,40
Robledo,2021,34566,53
Robledo,2021,34577,11
Robledo,2021,34583,13
Robledo,2021,34592,88
Robledo,2021,34594,22
Robledo,2021,34595,50
Robledo,2021,34596,12
Robledo,2021,34598,50
Robledo,2021,34614,20
Robledo,2021,34615,27
Robledo,2021,34616,12
Robledo,2021,34647,17
Robledo,2021,34650,41
Robledo,2021,34652,12
Robledo,2021,34654,24
Robledo,2021,34655,52
Robledo,2021,34657,14
Robledo,2021,34658,40
Robledo,2021,34662,36
Robledo,2021,34666,19
Robledo,2021,34677,21
Robledo,2021,34693,37
Robledo,2021,34742,21
Robledo,2021,34752,14
Robledo,2021,34761,61
Robledo,2021,34763,15
Robledo,2022,34827,53
Robledo,2022,34830,19
Robledo,2022,34831,16
Robledo,2022,34845,108
Robledo,2022,34862,16
Robledo,2022,34894,30
Robledo,2022,34951,24
Robledo,2022,34971,70
Robledo,2022,34975,63
Robledo,2022,34978,25
Robledo,2022,34979,22
Robledo,2022,34981,70
Robledo,2022,34982,36
Robledo,2022,34985,62
Robledo,2022,34986,29
Robledo,2022,34987,16
Robledo,2022,34988,17
Robledo,2022,34991,21
Robledo,2022,35005,19
Robledo,2022,35010,282
Robledo,2022,35011,81
Robledo,2022,35012,24
Robledo,2022,35014,45
Robledo,2022,35015,44
Robledo,2022,35016,31
Robledo,2022,35019,34
Robledo,2022,35022,51
Robledo,2022,35026,41
Robledo,2022,35027,57
Robledo,2022,35030,59
Robledo,2022,35032,98
Robledo,2022,35033,25
Robledo,2022,35038,71
Robledo,2022,35040,41
Robledo,2022,35045,59
Robledo,2022,35069,106
Robledo,2022,35071,32
Robledo,2022,35072,58
Robledo,2022,35075,82
Robledo,2022,35091,21
Robledo,2022,35092,41
Robledo,2022,35120,21
Robledo,2022,35123,53
Robledo,2022,35125,18
Robledo,2022,35127,27
Robledo,2022,35128,44
Robledo,2022,35129,16
Robledo,2022,35130,54
Robledo,2022,35134,38
Robledo,2022,35138,25
Robledo,2022,35149,24
Robledo,2022,35165,47
Robledo,2022,35211,16
Robledo,2022,35229,97
Robledo,2022,35231,23
San Antonio De Prado,2021,36697,27
San Antonio De Prado,2021,36700,10
San Antonio De Prado,2021,36701,9
San Antonio De Prado,2021,36710,8
San Antonio De Prado,2021,36715,58
San Antonio De Prado,2021,36765,14
San Antonio De Prado,2021,36821,18
San Antonio De Prado,2021,36841,32
San Antonio De Prado,2021,36845,17
San Antonio De Prado,2021,36849,9
San Antonio De Prado,2021,36851,19
San Antonio De Prado,2021,36852,13
San Antonio De Prado,2021,36855,16
San Antonio De Prado,2021,36856,13
San Antonio De Prado,2021,36857,10
San Antonio De Prado,2021,36858,8
San Antonio De Prado,2021,36861,8
San Antonio De Prado,2021,36880,181
San Antonio De Prado,2021,36881,51
San Antonio De Prado,2021,36882,29
San Antonio De Prado,2021,36883,10
San Antonio De Prado,2021,36884,27
San Antonio De Prado,2021,36885,24
San Antonio De Prado,2021,36886,15
San Antonio De Prado,2021,36892,28
San Antonio De Prado,2021,36896,19
San Antonio De Prado,2021,36897,16
San Antonio De Prado,2021,36900,51
San Antonio De Prado,2021,36901,11
San Antonio De Prado,2021,36902,56
San Antonio De Prado,2021,36903,15
San Antonio De Prado,2021,36908,13
San Antonio De Prado,2021,36910,20
San Antonio De Prado,2021,36915,11
San Antonio De Prado,2021,36926,10
San Antonio De Prado,2021,36941,51
San Antonio De Prado,2021,36943,12
San Antonio De Prado,2021,36944,28
San Antonio De Prado,2021,36947,43
San Antonio De Prado,2021,36964,20
San Antonio De Prado,2021,36965,8
San Antonio De Prado,2021,36996,12
San Antonio De Prado,2021,36999,39
San Antonio De Prado,2021,37000,11
San Antonio De Prado,2021,37001,10
San Antonio De Prado,2021,37004,17
San Antonio De Prado,2021,37007,14
San Antonio De Prado,2021,37011,15
San Antonio De Prado,2021,37015,11
San Antonio De Prado,2021,37042,11
San Antonio De Prado,2021,37071,8
San Antonio De Prado,2021,37091,17
San Antonio De Prado,2021,37101,8
San Antonio De Prado,2021,37110,55
San Antonio De Prado,2021,37112,12
San Antonio De Prado,2022,37176,28
San Antonio De Prado,2022,37179,13
San Antonio De Prado,2022,37180,9
San Antonio De Prado,2022,37194,59
San Antonio De Prado,2022,37243,10
San Antonio De Prado,2022,37300,19
San Antonio De Prado,2022,37320,30
San Antonio De Prado,2022,37324,22
San Antonio De Prado,2022,37328,8
San Antonio De Prado,2022,37330,37
San Antonio De Prado,2022,37331,13
San Antonio De Prado,2022,37334,13
San Antonio De Prado,2022,37335,17
San Antonio De Prado,2022,37336,11
San Antonio De Prado,2022,37337,11
San Antonio De Prado,2022,37340,9
San Antonio De Prado,2022,37346,8
San Antonio De Prado,2022,37354,9
San Antonio De Prado,2022,37358,10
San Antonio De Prado,2022,37359,172
San Antonio De Prado,2022,37360,52
San Antonio De Prado,2022,37361,23
San Antonio De Prado,2022,37362,8
San Antonio De Prado,2022,37363,33
San Antonio De Prado,2022,37364,31
San Antonio De Prado,2022,37365,8
San Antonio De Prado,2022,37368,10
San Antonio De Prado,2022,37371,32
San Antonio De Prado,2022,37374,8
San Antonio De Prado,2022,37375,23
San Antonio De Prado,2022,37376,12
San Antonio De Prado,2022,37379,53
San Antonio De Prado,2022,37380,10
San Antonio De Prado,2022,37381,63
San Antonio De Prado,2022,37382,15
San Antonio De Prado,2022,37387,11
San Antonio De Prado,2022,37389,21
San Antonio De Prado,2022,37394,17
San Antonio De Prado,2022,37403,10
San Antonio De Prado,2022,37414,8
San Antonio De Prado,2022,37418,64
San Antonio De Prado,2022,37420,12
San Antonio De Prado,2022,37421,32
San Antonio De Prado,2022,37424,55
San Antonio De Prado,2022,37441,16
San Antonio De Prado,2022,37469,12
San Antonio De Prado,2022,37472,33
San Antonio De Prado,2022,37473,10
San Antonio De Prado,2022,37474,11
San Antonio De Prado,2022,37477,23
San Antonio De Prado,2022,37479,14
San Antonio De Prado,2022,37483,13
San Antonio De Prado,2022,37485,8
San Antonio De Prado,2022,37487,12
San Antonio De Prado,2022,37506,8
San Antonio De Prado,2022,37511,10
San Antonio De Prado,2022,37514,21
San Antonio De Prado,2022,37560,17
San Antonio De Prado,2022,37571,8
San Antonio De Prado,2022,37578,69
San Antonio De Prado,2022,37580,12
San Cristobal,2021,39000,7
San Cristobal,2021,39036,6
San Cristobal,2021,39046,23
San Cristobal,2021,39049,9
San Cristobal,2021,39064,34
San Cristobal,2021,39100,9
San Cristobal,2021,39114,11
San Cristobal,2021,39161,8
San Cristobal,2021,39170,8
San Cristobal,2021,39188,6
San Cristobal,2021,39190,44
San Cristobal,2021,39194,32
San Cristobal,2021,39197,9
San Cristobal,2021,39198,14
San Cristobal,2021,39200,34
San Cristobal,2021,39201,14
San Cristobal,2021,39204,11
San Cristobal,2021,39205,7
San Cristobal,2021,39206,9
San Cristobal,2021,39207,7
San Cristobal,2021,39210,7
San Cristobal,2021,39229,113
San Cristobal,2021,39230,46
San Cristobal,2021,39231,11
San Cristobal,2021,39232,7
San Cristobal,2021,39233,17
San Cristobal,2021,39234,16
San Cristobal,2021,39235,18
San Cristobal,2021,39238,21
San Cristobal,2021,39241,30
San Cristobal,2021,39243,6
San Cristobal,2021,39245,18
San Cristobal,2021,39246,17
San Cristobal,2021,39249,35
San Cristobal,2021,39250,6
San Cristobal,2021,39251,37
San Cristobal,2021,39252,13
San Cristobal,2021,39257,19
San Cristobal,2021,39259,18
San Cristobal,2021,39262,6
San Cristobal,2021,39264,18
San Cristobal,2021,39290,34
San Cristobal,2021,39292,13
San Cristobal,2021,39293,23
San Cristobal,2021,39296,47
San Cristobal,2021,39312,8
San Cristobal,2021,39313,20
San Cristobal,2021,39345,7
San Cristobal,2021,39348,21
San Cristobal,2021,39351,8
San Cristobal,2021,39352,8
San Cristobal,2021,39353,8
San Cristobal,2021,39356,17
San Cristobal,2021,39360,16
San Cristobal,2021,39364,7
San Cristobal,2021,39383,6
San Cristobal,2021,39391,18
San Cristobal,2021,39412,7
San Cristobal,2021,39417,6
San Cristobal,2021,39440,16
San Cristobal,2021,39450,6
San Cristobal,2021,39459,43
San Cristobal,2021,39461,8
San Cristobal,2022,39515,6
San Cristobal,2022,39525,18
San Cristobal,2022,39529,8
San Cristobal,2022,39543,27
San Cristobal,2022,39560,6
San Cristobal,2022,39578,6
San Cristobal,2022,39592,9
San Cristobal,2022,39640,11
San Cristobal,2022,39649,7
San Cristobal,2022,39669,35
San Cristobal,2022,39673,18
San Cristobal,2022,39676,12
San Cristobal,2022,39677,9
San Cristobal,2022,39679,26
San Cristobal,2022,39680,11
San Cristobal,2022,39683,12
San Cristobal,2022,39684,7
San Cristobal,2022,39685,10
San Cristobal,2022,39686,7
San Cristobal,2022,39703,6
San Cristobal,2022,39708,107
San Cristobal,2022,39709,39
San Cristobal,2022,39710,15
San Cristobal,2022,39712,14
San Cristobal,2022,39713,13
San Cristobal,2022,39714,7
San Cristobal,2022,39717,19
San Cristobal,2022,39720,32
San Cristobal,2022,39724,18
San Cristobal,2022,39725,11
San Cristobal,2022,39728,26
San Cristobal,2022,39729,7
San Cristobal,2022,39730,33
San Cristobal,2022,39731,8
San Cristobal,2022,39736,9
San Cristobal,2022,39738,14
San Cristobal,2022,39741,10
San Cristobal,2022,39743,14
San Cristobal,2022,39767,31
San Cristobal,2022,39769,18
San Cristobal,2022,39770,13
San Cristobal,2022,39772,6
San Cristobal,2022,39773,57
San Cristobal,2022,39790,13
San Cristobal,2022,39791,7
San Cristobal,2022,39792,7
San Cristobal,2022,39821,18
San Cristobal,2022,39825,8
San Cristobal,2022,39826,8
San Cristobal,2022,39828,14
San Cristobal,2022,39832,14
San Cristobal,2022,39847,10
San Cristobal,2022,39848,6
San Cristobal,2022,39854,6
San Cristobal,2022,39863,21
San Cristobal,2022,39909,13
San Cristobal,2022,39927,38
San Cristobal,2022,39929,8
San Javier,2018,39990,31
San Javier,2018,39994,8
San Javier,2018,40003,11
San Javier,2018,40009,83
San Javier,2018,40015,10
San Javier,2018,40059,15
San Javier,2018,40106,8
San Javier,2018,40115,12
San Javier,2018,40134,41
San Javier,2018,40138,35
San Javier,2018,40141,22
San Javier,2018,40142,11
San Javier,2018,40144,50
San Javier,2018,40145,12
San Javier,2018,40148,14
San Javier,2018,40149,11
San Javier,2018,40151,9
San Javier,2018,40168,12
San Javier,2018,40173,215
San Javier,2018,40174,60
San Javier,2018,40175,9
San Javier,2018,40177,37
San Javier,2018,40178,36
San Javier,2018,40179,12
San Javier,2018,40182,23
San Javier,2018,40185,38
San Javier,2018,40189,26
San Javier,2018,40190,16
San Javier,2018,40193,55
San Javier,2018,40194,13
San Javier,2018,40195,68
San Javier,2018,40196,10
San Javier,2018,40203,26
San Javier,2018,40208,12
San Javier,2018,40233,48
San Javier,2018,40235,16
San Javier,2018,40236,31
San Javier,2018,40239,64
San Javier,2018,40255,12
San Javier,2018,40256,12
San Javier,2018,40283,11
San Javier,2018,40286,10
San Javier,2018,40290,8
San Javier,2018,40291,18
San Javier,2018,40292,18
San Javier,2018,40296,17
San Javier,2018,40312,8
San Javier,2018,40328,17
San Javier,2018,40372,14
San Javier,2018,40377,11
San Javier,2018,40382,10
San Javier,2018,40390,42
San Javier,2018,40392,12
San Javier,2019,40433,10
San Javier,2019,40454,31
San Javier,2019,40458,9
San Javier,2019,40467,9
San Javier,2019,40473,85
San Javier,2019,40479,8
San Javier,2019,40523,14
San Javier,2019,40570,8
San Javier,2019,40579,9
San Javier,2019,40599,39
San Javier,2019,40603,32
San Javier,2019,40606,22
San Javier,2019,40607,8
San Javier,2019,40609,54
San Javier,2019,40610,12
San Javier,2019,40613,15
San Javier,2019,40614,9
San Javier,2019,40616,8
San Javier,2019,40633,8
San Javier,2019,40639,203
San Javier,2019,40640,58
San Javier,2019,40641,13
San Javier,2019,40643,32
San Javier,2019,40644,28
San Javier,2019,40645,12
San Javier,2019,40648,18
San Javier,2019,40651,30
San Javier,2019,40655,25
San Javier,2019,40656,13
San Javier,2019,40659,53
San Javier,2019,40660,14
San Javier,2019,40661,61
San Javier,2019,40667,11
San Javier,2019,40669,22
San Javier,2019,40672,9
San Javier,2019,40674,14
San Javier,2019,40699,47
San Javier,2019,40701,15
San Javier,2019,40702,37
San Javier,2019,40705,68
San Javier,2019,40722,12
San Javier,2019,40749,11
San Javier,2019,40752,13
San Javier,2019,40756,8
San Javier,2019,40757,18
San Javier,2019,40758,17
San Javier,2019,40762,14
San Javier,2019,40777,17
San Javier,2019,40778,10
San Javier,2019,40793,20
San Javier,2019,40834,8
San Javier,2019,40839,18
San Javier,2019,40849,8
San Javier,2019,40857,54
San Javier,2019,40859,16
San Javier,2020,40923,36
San Javier,2020,40927,11
San Javier,2020,40936,10
San Javier,2020,40942,77
San Javier,2020,40948,7
San Javier,2020,40959,7
San Javier,2020,40971,7
San Javier,2020,40992,12
San Javier,2020,41039,9
San Javier,2020,41041,6
San Javier,2020,41048,8
San Javier,2020,41066,6
San Javier,2020,41068,31
San Javier,2020,41072,24
San Javier,2020,41075,18
San Javier,2020,41076,8
San Javier,2020,41078,39
San Javier,2020,41079,9
San Javier,2020,41082,13
San Javier,2020,41083,8
San Javier,2020,41085,9
San Javier,2020,41094,8
San Javier,2020,41102,7
San Javier,2020,41106,7
San Javier,2020,41107,192
San Javier,2020,41108,52
San Javier,2020,41109,14
San Javier,2020,41111,31
San Javier,2020,41112,24
San Javier,2020,41113,14
San Javier,2020,41116,21
San Javier,2020,41119,36
San Javier,2020,41123,27
San Javier,2020,41124,16
San Javier,2020,41127,50
San Javier,2020,41128,11
San Javier,2020,41129,59
San Javier,2020,41135,20
San Javier,2020,41137,18
San Javier,2020,41139,7
San Javier,2020,41141,11
San Javier,2020,41151,6
San Javier,2020,41166,44
San Javier,2020,41168,9
San Javier,2020,41169,35
San Javier,2020,41172,41
San Javier,2020,41189,12
San Javier,2020,41191,6
San Javier,2020,41218,8
San Javier,2020,41221,12
San Javier,2020,41222,6
San Javier,2020,41225,10
San Javier,2020,41226,11
San Javier,2020,41227,16
San Javier,2020,41231,18
San Javier,2020,41233,9
San Javier,2020,41246,10
San Javier,2020,41247,12
San Javier,2020,41262,17
San Javier,2020,41303,7
San Javier,2020,41308,12
San Javier,2020,41313,7
San Javier,2020,41318,7
San Javier,2020,41326,49
San Javier,2020,41328,14
San Javier,2021,41395,35
San Javier,2021,41398,11
San Javier,2021,41399,16
San Javier,2021,41408,12
San Javier,2021,41413,79
San Javier,2021,41441,11
San Javier,2021,41463,11
San Javier,2021,41510,9
San Javier,2021,41519,16
San Javier,2021,41539,50
San Javier,2021,41543,38
San Javier,2021,41546,34
San Javier,2021,41547,10
San Javier,2021,41549,57
San Javier,2021,41550,14
San Javier,2021,41553,17
San Javier,2021,41554,8
San Javier,2021,41556,10
San Javier,2021,41559,9
San Javier,2021,41565,11
San Javier,2021,41573,10
San Javier,2021,41578,224
San Javier,2021,41579,73
San Javier,2021,41580,12
San Javier,2021,41582,38
San Javier,2021,41583,40
San Javier,2021,41584,15
San Javier,2021,41587,21
San Javier,2021,41590,43
San Javier,2021,41594,33
San Javier,2021,41595,21
San Javier,2021,41598,61
San Javier,2021,41599,11
San Javier,2021,41600,62
San Javier,2021,41601,15
San Javier,2021,41606,22
San Javier,2021,41608,17
San Javier,2021,41613,15
San Javier,2021,41639,53
San Javier,2021,41641,14
San Javier,2021,41642,32
San Javier,2021,41645,66
San Javier,2021,41662,26
San Javier,2021,41663,8
San Javier,2021,41664,8
San Javier,2021,41694,19
San Javier,2021,41697,17
San Javier,2021,41701,8
San Javier,2021,41702,19
San Javier,2021,41704,8
San Javier,2021,41705,14
San Javier,2021,41709,26
San Javier,2021,41713,8
San Javier,2021,41724,13
San Javier,2021,41725,12
San Javier,2021,41732,8
San Javier,2021,41740,22
San Javier,2021,41789,22
San Javier,2021,41808,55
San Javier,2021,41810,16
San Javier,2022,41874,35
San Javier,2022,41877,11
San Javier,2022,41878,9
San Javier,2022,41886,14
San Javier,2022,41892,92
San Javier,2022,41920,11
San Javier,2022,41941,15
San Javier,2022,41989,11
San Javier,2022,41998,19
San Javier,2022,42018,57
San Javier,2022,42019,8
San Javier,2022,42022,44
San Javier,2022,42025,30
San Javier,2022,42026,11
San Javier,2022,42028,58
San Javier,2022,42029,16
San Javier,2022,42032,25
San Javier,2022,42033,10
San Javier,2022,42034,10
San Javier,2022,42035,11
San Javier,2022,42038,14
San Javier,2022,42044,10
San Javier,2022,42052,8
San Javier,2022,42055,10
San Javier,2022,42056,8
San Javier,2022,42057,243
San Javier,2022,42058,69
San Javier,2022,42059,21
San Javier,2022,42061,40
San Javier,2022,42062,55
San Javier,2022,42063,11
San Javier,2022,42066,23
San Javier,2022,42069,52
San Javier,2022,42073,46
San Javier,2022,42074,25
San Javier,2022,42077,54
San Javier,2022,42078,10
San Javier,2022,42079,79
San Javier,2022,42080,17
San Javier,2022,42081,8
San Javier,2022,42085,22
San Javier,2022,42087,23
San Javier,2022,42092,12
San Javier,2022,42107,10
San Javier,2022,42116,68
San Javier,2022,42118,22
San Javier,2022,42119,38
San Javier,2022,42122,85
San Javier,2022,42138,8
San Javier,2022,42139,33
San Javier,2022,42141,8
San Javier,2022,42167,14
San Javier,2022,42170,22
San Javier,2022,42171,13
San Javier,2022,42174,8
San Javier,2022,42175,22
San Javier,2022,42177,18
San Javier,2022,42181,27
San Javier,2022,42185,8
San Javier,2022,42196,15
San Javier,2022,42197,17
San Javier,2022,42212,31
San Javier,2022,42253,10
San Javier,2022,42258,28
San Javier,2022,42263,9
San Javier,2022,42268,8
San Javier,2022,42271,8
San Javier,2022,42276,72
San Javier,2022,42278,22
Santa Cruz,2018,42333,4
Santa Cruz,2018,42339,27
Santa Cruz,2018,42343,5
Santa Cruz,2018,42358,24
Santa Cruz,2018,42364,5
Santa Cruz,2018,42369,3
Santa Cruz,2018,42386,5
Santa Cruz,2018,42394,3
Santa Cruz,2018,42408,10
Santa Cruz,2018,42455,6
Santa Cruz,2018,42463,3
Santa Cruz,2018,42464,4
Santa Cruz,2018,42481,24
Santa Cruz,2018,42483,28
Santa Cruz,2018,42484,3
Santa Cruz,2018,42487,25
Santa Cruz,2018,42489,3
Santa Cruz,2018,42490,19
Santa Cruz,2018,42491,8
Santa Cruz,2018,42492,3
Santa Cruz,2018,42493,44
Santa Cruz,2018,42494,6
Santa Cruz,2018,42496,3
Santa Cruz,2018,42497,21
Santa Cruz,2018,42498,6
Santa Cruz,2018,42499,10
Santa Cruz,2018,42500,10
Santa Cruz,2018,42504,4
Santa Cruz,2018,42519,3
Santa Cruz,2018,42522,158
Santa Cruz,2018,42523,69
Santa Cruz,2018,42524,10
Santa Cruz,2018,42526,34
Santa Cruz,2018,42527,22
Santa Cruz,2018,42528,18
Santa Cruz,2018,42531,13
Santa Cruz,2018,42534,38
Santa Cruz,2018,42538,12
Santa Cruz,2018,42539,12
Santa Cruz,2018,42542,25
Santa Cruz,2018,42543,4
Santa Cruz,2018,42544,35
Santa Cruz,2018,42545,4
Santa Cruz,2018,42546,4
Santa Cruz,2018,42552,12
Santa Cruz,2018,42555,4
Santa Cruz,2018,42567,7
Santa Cruz,2018,42582,22
Santa Cruz,2018,42584,14
Santa Cruz,2018,42585,35
Santa Cruz,2018,42586,3
Santa Cruz,2018,42588,78
Santa Cruz,2018,42604,3
Santa Cruz,2018,42605,3
Santa Cruz,2018,42606,3
Santa Cruz,2018,42632,3
Santa Cruz,2018,42640,3
Santa Cruz,2018,42641,3
Santa Cruz,2018,42645,3
Santa Cruz,2018,42649,3
Santa Cruz,2018,42662,4
Santa Cruz,2018,42668,3
Santa Cruz,2018,42669,4
Santa Cruz,2018,42677,9
Santa Cruz,2018,42721,12
Santa Cruz,2018,42726,10
Santa Cruz,2018,42731,3
Santa Cruz,2018,42734,4
Santa Cruz,2018,42739,31
Santa Cruz,2018,42741,3
Santa Cruz,2019,42797,4
Santa Cruz,2019,42803,30
Santa Cruz,2019,42806,3
Santa Cruz,2019,42807,4
Santa Cruz,2019,42822,25
Santa Cruz,2019,42828,6
Santa Cruz,2019,42833,4
Santa Cruz,2019,42850,3
Santa Cruz,2019,42858,4
Santa Cruz,2019,42864,3
Santa Cruz,2019,42872,10
Santa Cruz,2019,42919,4
Santa Cruz,2019,42920,3
Santa Cruz,2019,42928,5
Santa Cruz,2019,42946,19
Santa Cruz,2019,42948,27
Santa Cruz,2019,42952,16
Santa Cruz,2019,42954,3
Santa Cruz,2019,42955,19
Santa Cruz,2019,42956,9
Santa Cruz,2019,42957,4
Santa Cruz,2019,42958,41
Santa Cruz,2019,42959,9
Santa Cruz,2019,42961,3
Santa Cruz,2019,42962,23
Santa Cruz,2019,42963,5
Santa Cruz,2019,42964,11
Santa Cruz,2019,42965,8
Santa Cruz,2019,42982,3
Santa Cruz,2019,42984,3
Santa Cruz,2019,42988,173
Santa Cruz,2019,42989,82
Santa Cruz,2019,42990,10
Santa Cruz,2019,42992,37
Santa Cruz,2019,42993,30
Santa Cruz,2019,42994,20
Santa Cruz,2019,42997,12
Santa Cruz,2019,43000,40
Santa Cruz,2019,43004,13
Santa Cruz,2019,43005,17
Santa Cruz,2019,43008,24
Santa Cruz,2019,43009,3
Santa Cruz,2019,43010,44
Santa Cruz,2019,43012,7
Santa Cruz,2019,43016,6
Santa Cruz,2019,43018,8
Santa Cruz,2019,43023,6
Santa Cruz,2019,43033,7
Santa Cruz,2019,43048,17
Santa Cruz,2019,43049,3
Santa Cruz,2019,43050,11
Santa Cruz,2019,43051,40
Santa Cruz,2019,43054,83
Santa Cruz,2019,43070,4
Santa Cruz,2019,43098,4
Santa Cruz,2019,43101,3
Santa Cruz,2019,43106,5
Santa Cruz,2019,43107,3
Santa Cruz,2019,43111,5
Santa Cruz,2019,43114,4
Santa Cruz,2019,43127,3
Santa Cruz,2019,43133,3
Santa Cruz,2019,43142,8
Santa Cruz,2019,43188,23
Santa Cruz,2019,43193,11
Santa Cruz,2019,43198,5
Santa Cruz,2019,43201,3
Santa Cruz,2019,43206,42
Santa Cruz,2019,43208,3
Santa Cruz,2020,43272,22
Santa Cruz,2020,43276,4
Santa Cruz,2020,43291,20
Santa Cruz,2020,43297,4
Santa Cruz,2020,43302,6
Santa Cruz,2020,43320,5
Santa Cruz,2020,43327,3
Santa Cruz,2020,43333,3
Santa Cruz,2020,43341,4
Santa Cruz,2020,43388,3
Santa Cruz,2020,43397,3
Santa Cruz,2020,43415,17
Santa Cruz,2020,43417,23
Santa Cruz,2020,43421,16
Santa Cruz,2020,43424,16
Santa Cruz,2020,43425,8
Santa Cruz,2020,43426,3
Santa Cruz,2020,43427,27
Santa Cruz,2020,43428,6
Santa Cruz,2020,43431,18
Santa Cruz,2020,43432,4
Santa Cruz,2020,43433,9
Santa Cruz,2020,43434,9
Santa Cruz,2020,43451,3
Santa Cruz,2020,43453,3
Santa Cruz,2020,43456,155
Santa Cruz,2020,43457,73
Santa Cruz,2020,43458,11
Santa Cruz,2020,43460,28
Santa Cruz,2020,43461,33
Santa Cruz,2020,43462,15
Santa Cruz,2020,43465,15
Santa Cruz,2020,43467,3
Santa Cruz,2020,43468,34
Santa Cruz,2020,43472,11
Santa Cruz,2020,43473,17
Santa Cruz,2020,43476,24
Santa Cruz,2020,43478,38
Santa Cruz,2020,43479,3
Santa Cruz,2020,43480,6
Santa Cruz,2020,43484,8
Santa Cruz,2020,43486,9
Santa Cruz,2020,43490,8
Santa Cruz,2020,43500,7
Santa Cruz,2020,43515,16
Santa Cruz,2020,43516,3
Santa Cruz,2020,43517,12
Santa Cruz,2020,43518,33
Santa Cruz,2020,43521,52
Santa Cruz,2020,43537,6
Santa Cruz,2020,43567,3
Santa Cruz,2020,43575,3
Santa Cruz,2020,43576,3
Santa Cruz,2020,43583,4
Santa Cruz,2020,43596,3
Santa Cruz,2020,43602,4
Santa Cruz,2020,43606,3
Santa Cruz,2020,43608,3
Santa Cruz,2020,43611,14
Santa Cruz,2020,43629,3
Santa Cruz,2020,43657,16
Santa Cruz,2020,43662,8
Santa Cruz,2020,43667,5
Santa Cruz,2020,43670,4
Santa Cruz,2020,43672,3
Santa Cruz,2020,43675,29
Santa Cruz,2020,43677,5
Santa Cruz,2021,43698,7
Santa Cruz,2021,43744,28
Santa Cruz,2021,43748,7
Santa Cruz,2021,43762,23
Santa Cruz,2021,43773,7
Santa Cruz,2021,43790,6
Santa Cruz,2021,43798,7
Santa Cruz,2021,43812,11
Santa Cruz,2021,43868,6
Santa Cruz,2021,43886,17
Santa Cruz,2021,43888,25
Santa Cruz,2021,43892,30
Santa Cruz,2021,43895,19
Santa Cruz,2021,43896,6
Santa Cruz,2021,43897,6
Santa Cruz,2021,43898,32
Santa Cruz,2021,43899,9
Santa Cruz,2021,43902,23
Santa Cruz,2021,43903,8
Santa Cruz,2021,43904,7
Santa Cruz,2021,43905,8
Santa Cruz,2021,43924,9
Santa Cruz,2021,43926,6
Santa Cruz,2021,43927,175
Santa Cruz,2021,43928,83
Santa Cruz,2021,43929,15
Santa Cruz,2021,43931,28
Santa Cruz,2021,43932,45
Santa Cruz,2021,43933,16
Santa Cruz,2021,43936,12
Santa Cruz,2021,43939,42
Santa Cruz,2021,43943,12
Santa Cruz,2021,43944,24
Santa Cruz,2021,43947,35
Santa Cruz,2021,43949,52
Santa Cruz,2021,43955,17
Santa Cruz,2021,43957,19
Santa Cruz,2021,43962,12
Santa Cruz,2021,43973,7
Santa Cruz,2021,43988,23
Santa Cruz,2021,43990,14
Santa Cruz,2021,43991,37
Santa Cruz,2021,43994,61
Santa Cruz,2021,44011,10
Santa Cruz,2021,44046,16
Santa Cruz,2021,44050,28
Santa Cruz,2021,44051,8
Santa Cruz,2021,44074,6
Santa Cruz,2021,44089,18
Santa Cruz,2021,44138,21
Santa Cruz,2021,44143,11
Santa Cruz,2021,44148,6
Santa Cruz,2021,44157,28
Santa Cruz,2021,44159,12
Santa Cruz,2022,44223,35
Santa Cruz,2022,44226,8
Santa Cruz,2022,44227,6
Santa Cruz,2022,44241,33
Santa Cruz,2022,44247,7
Santa Cruz,2022,44252,9
Santa Cruz,2022,44269,6
Santa Cruz,2022,44290,8
Santa Cruz,2022,44347,8
Santa Cruz,2022,44365,22
Santa Cruz,2022,44367,30
Santa Cruz,2022,44371,32
Santa Cruz,2022,44374,23
Santa Cruz,2022,44375,9
Santa Cruz,2022,44376,9
Santa Cruz,2022,44377,35
Santa Cruz,2022,44378,11
Santa Cruz,2022,44381,26
Santa Cruz,2022,44382,9
Santa Cruz,2022,44383,7
Santa Cruz,2022,44384,9
Santa Cruz,2022,44403,11
Santa Cruz,2022,44406,187
Santa Cruz,2022,44407,76
Santa Cruz,2022,44408,12
Santa Cruz,2022,44410,33
Santa Cruz,2022,44411,45
Santa Cruz,2022,44412,17
Santa Cruz,2022,44415,20
Santa Cruz,2022,44418,42
Santa Cruz,2022,44422,16
Santa Cruz,2022,44423,24
Santa Cruz,2022,44426,43
Santa Cruz,2022,44428,57
Santa Cruz,2022,44434,19
Santa Cruz,2022,44436,15
Santa Cruz,2022,44441,16
Santa Cruz,2022,44450,7
Santa Cruz,2022,44465,29
Santa Cruz,2022,44466,6
Santa Cruz,2022,44467,13
Santa Cruz,2022,44468,45
Santa Cruz,2022,44471,86
Santa Cruz,2022,44487,6
Santa Cruz,2022,44488,11
Santa Cruz,2022,44519,11
Santa Cruz,2022,44524,7
Santa Cruz,2022,44530,9
Santa Cruz,2022,44545,7
Santa Cruz,2022,44561,16
Santa Cruz,2022,44607,35
Santa Cruz,2022,44612,10
Santa Cruz,2022,44625,45
Santa Cruz,2022,44627,9
Santa Elena,2021,46044,3
Santa Elena,2021,46047,6
Santa Elena,2021,46070,3
Santa Elena,2021,46093,6
Santa Elena,2021,46111,6
Santa Elena,2021,46139,4
Santa Elena,2021,46142,3
Santa Elena,2021,46208,5
Santa Elena,2021,46237,6
Santa Elena,2021,46241,3
Santa Elena,2021,46244,3
Santa Elena,2021,46247,4
Santa Elena,2021,46248,3
Santa Elena,2021,46257,3
Santa Elena,2021,46263,5
Santa Elena,2021,46268,3
Santa Elena,2021,46271,6
Santa Elena,2021,46275,3
Santa Elena,2021,46276,24
Santa Elena,2021,46277,9
Santa Elena,2021,46280,4
Santa Elena,2021,46282,6
Santa Elena,2021,46285,4
Santa Elena,2021,46288,7
Santa Elena,2021,46293,4
Santa Elena,2021,46296,4
Santa Elena,2021,46297,3
Santa Elena,2021,46298,8
Santa Elena,2021,46304,3
Santa Elena,2021,46306,6
Santa Elena,2021,46329,9
Santa Elena,2021,46332,6
Santa Elena,2021,46333,3
Santa Elena,2021,46337,19
Santa Elena,2021,46339,7
Santa Elena,2021,46340,4
Santa Elena,2021,46342,3
Santa Elena,2021,46343,5
Santa Elena,2021,46360,4
Santa Elena,2021,46362,3
Santa Elena,2021,46375,14
Santa Elena,2021,46388,5
Santa Elena,2021,46392,12
Santa Elena,2021,46395,87
Santa Elena,2021,46396,10
Santa Elena,2021,46397,4
Santa Elena,2021,46398,3
Santa Elena,2021,46399,22
Santa Elena,2021,46400,16
Santa Elena,2021,46402,3
Santa Elena,2021,46403,4
Santa Elena,2021,46407,4
Santa Elena,2021,46409,3
Santa Elena,2021,46411,33
Santa Elena,2021,46431,5
Santa Elena,2021,46438,17
Santa Elena,2021,46463,4
Santa Elena,2021,46506,5
Santa Elena,2021,46508,4
Santa Elena,2022,46520,6
Santa Elena,2022,46521,8
Santa Elena,2022,46529,6
Santa Elena,2022,46530,11
Santa Elena,2022,46572,16
Santa Elena,2022,46575,7
Santa Elena,2022,46590,15
Santa Elena,2022,46716,29
Santa Elena,2022,46717,6
Santa Elena,2022,46720,18
Santa Elena,2022,46723,8
Santa Elena,2022,46726,9
Santa Elena,2022,46727,9
Santa Elena,2022,46734,8
Santa Elena,2022,46736,7
Santa Elena,2022,46747,8
Santa Elena,2022,46750,6
Santa Elena,2022,46754,7
Santa Elena,2022,46755,40
Santa Elena,2022,46756,14
Santa Elena,2022,46759,13
Santa Elena,2022,46760,7
Santa Elena,2022,46761,7
Santa Elena,2022,46764,6
Santa Elena,2022,46767,19
Santa Elena,2022,46771,7
Santa Elena,2022,46772,10
Santa Elena,2022,46775,18
Santa Elena,2022,46777,17
Santa Elena,2022,46783,16
Santa Elena,2022,46785,14
Santa Elena,2022,46790,8
Santa Elena,2022,46806,16
Santa Elena,2022,46809,15
Santa Elena,2022,46810,17
Santa Elena,2022,46814,52
Santa Elena,2022,46816,12
Santa Elena,2022,46817,15
Santa Elena,2022,46820,20
Santa Elena,2022,46837,38
Santa Elena,2022,46838,8
Santa Elena,2022,46849,8
Santa Elena,2022,46865,17
Santa Elena,2022,46868,175
Santa Elena,2022,46869,22
Santa Elena,2022,46870,17
Santa Elena,2022,46872,43
Santa Elena,2022,46873,44
Santa Elena,2022,46874,7
Santa Elena,2022,46875,10
Santa Elena,2022,46879,13
Santa Elena,2022,46881,10
Santa Elena,2022,46883,34
Santa Elena,2022,46894,6
Santa Elena,2022,46895,8
Santa Elena,2022,46903,6
Santa Elena,2022,46910,28
Santa Elena,2022,46930,7
Santa Elena,2022,46933,9
Santa Elena,2022,46937,6
Santa Elena,2022,46951,9
Santa Elena,2022,46974,22
Santa Elena,2022,46976,9
Sin Georreferenciar,2018,49345,101
Sin Georreferenciar,2018,49386,169
Sin Georreferenciar,2018,49405,358
Sin Georreferenciar,2018,49455,75
Sin Georreferenciar,2018,49511,99
Sin Georreferenciar,2018,49530,349
Sin Georreferenciar,2018,49534,264
Sin Georreferenciar,2018,49537,103
Sin Georreferenciar,2018,49538,72
Sin Georreferenciar,2018,49540,280
Sin Georreferenciar,2018,49541,90
Sin Georreferenciar,2018,49544,106
Sin Georreferenciar,2018,49545,78
Sin Georreferenciar,2018,49550,65
Sin Georreferenciar,2018,49561,70
Sin Georreferenciar,2018,49564,69
Sin Georreferenciar,2018,49568,90
Sin Georreferenciar,2018,49569,842
Sin Georreferenciar,2018,49570,271
Sin Georreferenciar,2018,49571,99
Sin Georreferenciar,2018,49573,120
Sin Georreferenciar,2018,49574,97
Sin Georreferenciar,2018,49575,110
Sin Georreferenciar,2018,49578,108
Sin Georreferenciar,2018,49581,159
Sin Georreferenciar,2018,49585,126
Sin Georreferenciar,2018,49586,128
Sin Georreferenciar,2018,49589,324
Sin Georreferenciar,2018,49591,277
Sin Georreferenciar,2018,49592,123
Sin Georreferenciar,2018,49597,125
Sin Georreferenciar,2018,49599,225
Sin Georreferenciar,2018,49602,65
Sin Georreferenciar,2018,49604,102
Sin Georreferenciar,2018,49629,373
Sin Georreferenciar,2018,49631,136
Sin Georreferenciar,2018,49632,241
Sin Georreferenciar,2018,49635,296
Sin Georreferenciar,2018,49652,162
Sin Georreferenciar,2018,49653,77
Sin Georreferenciar,2018,49679,220
Sin Georreferenciar,2018,49682,797
Sin Georreferenciar,2018,49683,156
Sin Georreferenciar,2018,49684,106
Sin Georreferenciar,2018,49685,83
Sin Georreferenciar,2018,49686,218
Sin Georreferenciar,2018,49687,315
Sin Georreferenciar,2018,49688,270
Sin Georreferenciar,2018,49692,185
Sin Georreferenciar,2018,49694,79
Sin Georreferenciar,2018,49697,224
Sin Georreferenciar,2018,49721,66
Sin Georreferenciar,2018,49724,210
Sin Georreferenciar,2018,49746,85
Sin Georreferenciar,2018,49786,307
Sin Georreferenciar,2018,49788,71
Sin Georreferenciar,2019,49808,111
Sin Georreferenciar,2019,49850,182
Sin Georreferenciar,2019,49869,377
Sin Georreferenciar,2019,49919,82
Sin Georreferenciar,2019,49966,62
Sin Georreferenciar,2019,49975,99
Sin Georreferenciar,2019,49995,362
Sin Georreferenciar,2019,49999,309
Sin Georreferenciar,2019,50002,101
Sin Georreferenciar,2019,50003,78
Sin Georreferenciar,2019,50005,280
Sin Georreferenciar,2019,50006,116
Sin Georreferenciar,2019,50009,105
Sin Georreferenciar,2019,50010,77
Sin Georreferenciar,2019,50015,66
Sin Georreferenciar,2019,50026,69
Sin Georreferenciar,2019,50029,73
Sin Georreferenciar,2019,50034,94
Sin Georreferenciar,2019,50035,903
Sin Georreferenciar,2019,50036,299
Sin Georreferenciar,2019,50037,117
Sin Georreferenciar,2019,50039,137
Sin Georreferenciar,2019,50040,100
Sin Georreferenciar,2019,50041,110
Sin Georreferenciar,2019,50044,98
Sin Georreferenciar,2019,50047,180
Sin Georreferenciar,2019,50051,132
Sin Georreferenciar,2019,50052,137
Sin Georreferenciar,2019,50055,316
Sin Georreferenciar,2019,50056,71
Sin Georreferenciar,2019,50057,290
Sin Georreferenciar,2019,50058,117
Sin Georreferenciar,2019,50063,142
Sin Georreferenciar,2019,50065,237
Sin Georreferenciar,2019,50068,72
Sin Georreferenciar,2019,50070,133
Sin Georreferenciar,2019,50095,385
Sin Georreferenciar,2019,50097,141
Sin Georreferenciar,2019,50098,221
Sin Georreferenciar,2019,50101,324
Sin Georreferenciar,2019,50118,206
Sin Georreferenciar,2019,50119,87
Sin Georreferenciar,2019,50145,233
Sin Georreferenciar,2019,50148,875
Sin Georreferenciar,2019,50149,168
Sin Georreferenciar,2019,50150,101
Sin Georreferenciar,2019,50151,71
Sin Georreferenciar,2019,50152,269
Sin Georreferenciar,2019,50153,343
Sin Georreferenciar,2019,50154,295
Sin Georreferenciar,2019,50158,212
Sin Georreferenciar,2019,50160,77
Sin Georreferenciar,2019,50162,235
Sin Georreferenciar,2019,50173,67
Sin Georreferenciar,2019,50174,66
Sin Georreferenciar,2019,50186,85
Sin Georreferenciar,2019,50189,261
Sin Georreferenciar,2019,50212,99
Sin Georreferenciar,2019,50235,97
Sin Georreferenciar,2019,50253,350
Sin Georreferenciar,2019,50255,71
Sin Georreferenciar,2020,50277,114
Sin Georreferenciar,2020,50319,179
Sin Georreferenciar,2020,50338,365
Sin Georreferenciar,2020,50388,77
Sin Georreferenciar,2020,50444,99
Sin Georreferenciar,2020,50464,334
Sin Georreferenciar,2020,50468,283
Sin Georreferenciar,2020,50471,88
Sin Georreferenciar,2020,50472,69
Sin Georreferenciar,2020,50474,198
Sin Georreferenciar,2020,50475,97
Sin Georreferenciar,2020,50478,94
Sin Georreferenciar,2020,50479,78
Sin Georreferenciar,2020,50484,82
Sin Georreferenciar,2020,50490,81
Sin Georreferenciar,2020,50498,72
Sin Georreferenciar,2020,50502,98
Sin Georreferenciar,2020,50503,815
Sin Georreferenciar,2020,50504,283
Sin Georreferenciar,2020,50505,103
Sin Georreferenciar,2020,50507,125
Sin Georreferenciar,2020,50508,111
Sin Georreferenciar,2020,50509,99
Sin Georreferenciar,2020,50512,114
Sin Georreferenciar,2020,50515,149
Sin Georreferenciar,2020,50519,107
Sin Georreferenciar,2020,50520,120
Sin Georreferenciar,2020,50523,280
Sin Georreferenciar,2020,50525,275
Sin Georreferenciar,2020,50526,104
Sin Georreferenciar,2020,50531,177
Sin Georreferenciar,2020,50533,176
Sin Georreferenciar,2020,50537,125
Sin Georreferenciar,2020,50562,326
Sin Georreferenciar,2020,50564,111
Sin Georreferenciar,2020,50565,197
Sin Georreferenciar,2020,50568,201
Sin Georreferenciar,2020,50585,237
Sin Georreferenciar,2020,50586,107
Sin Georreferenciar,2020,50614,245
Sin Georreferenciar,2020,50617,862
Sin Georreferenciar,2020,50618,164
Sin Georreferenciar,2020,50619,99
Sin Georreferenciar,2020,50620,77
Sin Georreferenciar,2020,50621,274
Sin Georreferenciar,2020,50622,354
Sin Georreferenciar,2020,50623,314
Sin Georreferenciar,2020,50627,195
Sin Georreferenciar,2020,50629,71
Sin Georreferenciar,2020,50631,223
Sin Georreferenciar,2020,50642,70
Sin Georreferenciar,2020,50643,64
Sin Georreferenciar,2020,50658,248
Sin Georreferenciar,2020,50682,106
Sin Georreferenciar,2020,50704,69
Sin Georreferenciar,2020,50722,314
Sin Georreferenciar,2020,50724,89
Sin Georreferenciar,2021,50745,6
Sin Georreferenciar,2021,50791,3
Sin Georreferenciar,2021,50804,3
Sin Georreferenciar,2021,50809,5
Sin Georreferenciar,2021,50935,7
Sin Georreferenciar,2021,50955,3
Sin Georreferenciar,2021,50969,3
Sin Georreferenciar,2021,50974,16
Sin Georreferenciar,2021,50979,3
Sin Georreferenciar,2021,50980,4
Sin Georreferenciar,2021,50996,5
Sin Georreferenciar,2021,50997,3
Sin Georreferenciar,2021,51004,4
Sin Georreferenciar,2021,51035,5
Sin Georreferenciar,2021,51038,4
Sin Georreferenciar,2021,51058,5
Sin Georreferenciar,2021,51093,15
Sin Georreferenciar,2021,51094,3
Sin Georreferenciar,2021,51096,4
Sin Georreferenciar,2021,51098,7
Sin Georreferenciar,2021,51101,4
Sin Georreferenciar,2021,51105,6
Sin Georreferenciar,2021,51109,5
Sin Georreferenciar,2021,51136,6
Sin Georreferenciar,2021,51161,3
Sin Georreferenciar,2021,51204,4
Sin Georreferenciar,2022,51228,16
Sin Georreferenciar,2022,51234,6
Sin Georreferenciar,2022,51270,7
Sin Georreferenciar,2022,51288,25
Sin Georreferenciar,2022,51316,8
Sin Georreferenciar,2022,51394,6
Sin Georreferenciar,2022,51414,30
Sin Georreferenciar,2022,51418,17
Sin Georreferenciar,2022,51422,8
Sin Georreferenciar,2022,51424,15
Sin Georreferenciar,2022,51425,6
Sin Georreferenciar,2022,51427,7
Sin Georreferenciar,2022,51428,6
Sin Georreferenciar,2022,51429,11
Sin Georreferenciar,2022,51433,9
Sin Georreferenciar,2022,51440,6
Sin Georreferenciar,2022,51451,7
Sin Georreferenciar,2022,51452,8
Sin Georreferenciar,2022,51453,24
Sin Georreferenciar,2022,51454,9
Sin Georreferenciar,2022,51458,6
Sin Georreferenciar,2022,51459,7
Sin Georreferenciar,2022,51462,7
Sin Georreferenciar,2022,51473,22
Sin Georreferenciar,2022,51475,13
Sin Georreferenciar,2022,51476,8
Sin Georreferenciar,2022,51481,17
Sin Georreferenciar,2022,51483,18
Sin Georreferenciar,2022,51486,6
Sin Georreferenciar,2022,51488,14
Sin Georreferenciar,2022,51512,25
Sin Georreferenciar,2022,51515,10
Sin Georreferenciar,2022,51518,7
Sin Georreferenciar,2022,51535,20
Sin Georreferenciar,2022,51536,10
Sin Georreferenciar,2022,51563,22
Sin Georreferenciar,2022,51566,94
Sin Georreferenciar,2022,51567,15
Sin Georreferenciar,2022,51568,14
Sin Georreferenciar,2022,51569,6
Sin Georreferenciar,2022,51570,25
Sin Georreferenciar,2022,51571,40
Sin Georreferenciar,2022,51572,10
Sin Georreferenciar,2022,51573,24
Sin Georreferenciar,2022,51577,17
Sin Georreferenciar,2022,51579,10
Sin Georreferenciar,2022,51581,14
Sin Georreferenciar,2022,51605,7
Sin Georreferenciar,2022,51608,26
Sin Georreferenciar,2022,51625,6
Sin Georreferenciar,2022,51631,6
Sin Georreferenciar,2022,51635,8
Sin Georreferenciar,2022,51649,9
Sin Georreferenciar,2022,51672,11
Sin Georreferenciar,2022,51674,6
Villa Hermosa,2018,47031,7
Villa Hermosa,2018,47037,37
Villa Hermosa,2018,47040,10
Villa Hermosa,2018,47041,6
Villa Hermosa,2018,47050,6
Villa Hermosa,2018,47056,46
Villa Hermosa,2018,47062,8
Villa Hermosa,2018,47063,6
Villa Hermosa,2018,47073,7
Villa Hermosa,2018,47084,6
Villa Hermosa,2018,47106,7
Villa Hermosa,2018,47153,9
Villa Hermosa,2018,47159,6
Villa Hermosa,2018,47162,9
Villa Hermosa,2018,47181,46
Villa Hermosa,2018,47185,27
Villa Hermosa,2018,47188,19
Villa Hermosa,2018,47189,7
Villa Hermosa,2018,47190,9
Villa Hermosa,2018,47191,48
Villa Hermosa,2018,47192,27
Villa Hermosa,2018,47195,8
Villa Hermosa,2018,47196,7
Villa Hermosa,2018,47219,9
Villa Hermosa,2018,47220,204
Villa Hermosa,2018,47221,72
Villa Hermosa,2018,47222,15
Villa Hermosa,2018,47224,30
Villa Hermosa,2018,47225,23
Villa Hermosa,2018,47226,10
Villa Hermosa,2018,47229,18
Villa Hermosa,2018,47232,46
Villa Hermosa,2018,47234,8
Villa Hermosa,2018,47236,20
Villa Hermosa,2018,47237,20
Villa Hermosa,2018,47240,37
Villa Hermosa,2018,47241,6
Villa Hermosa,2018,47242,52
Villa Hermosa,2018,47243,9
Villa Hermosa,2018,47248,9
Villa Hermosa,2018,47250,26
Villa Hermosa,2018,47255,10
Villa Hermosa,2018,47265,9
Villa Hermosa,2018,47271,6
Villa Hermosa,2018,47280,34
Villa Hermosa,2018,47281,8
Villa Hermosa,2018,47282,19
Villa Hermosa,2018,47283,37
Villa Hermosa,2018,47286,70
Villa Hermosa,2018,47302,13
Villa Hermosa,2018,47303,8
Villa Hermosa,2018,47330,7
Villa Hermosa,2018,47333,10
Villa Hermosa,2018,47338,20
Villa Hermosa,2018,47339,14
Villa Hermosa,2018,47343,12
Villa Hermosa,2018,47345,7
Villa Hermosa,2018,47348,7
Villa Hermosa,2018,47359,9
Villa Hermosa,2018,47367,6
Villa Hermosa,2018,47372,9
Villa Hermosa,2018,47375,22
Villa Hermosa,2018,47401,6
Villa Hermosa,2018,47419,10
Villa Hermosa,2018,47424,13
Villa Hermosa,2018,47429,6
Villa Hermosa,2018,47437,46
Villa Hermosa,2018,47439,10
Villa Hermosa,2019,47495,6
Villa Hermosa,2019,47501,31
Villa Hermosa,2019,47504,8
Villa Hermosa,2019,47505,6
Villa Hermosa,2019,47514,9
Villa Hermosa,2019,47520,52
Villa Hermosa,2019,47526,7
Villa Hermosa,2019,47527,8
Villa Hermosa,2019,47548,6
Villa Hermosa,2019,47570,16
Villa Hermosa,2019,47617,10
Villa Hermosa,2019,47626,7
Villa Hermosa,2019,47646,44
Villa Hermosa,2019,47647,6
Villa Hermosa,2019,47650,28
Villa Hermosa,2019,47653,24
Villa Hermosa,2019,47655,10
Villa Hermosa,2019,47656,49
Villa Hermosa,2019,47657,24
Villa Hermosa,2019,47660,10
Villa Hermosa,2019,47661,7
Villa Hermosa,2019,47663,6
Villa Hermosa,2019,47672,7
Villa Hermosa,2019,47686,216
Villa Hermosa,2019,47687,66
Villa Hermosa,2019,47688,19
Villa Hermosa,2019,47690,31
Villa Hermosa,2019,47691,20
Villa Hermosa,2019,47692,13
Villa Hermosa,2019,47695,17
Villa Hermosa,2019,47698,45
Villa Hermosa,2019,47702,23
Villa Hermosa,2019,47703,25
Villa Hermosa,2019,47706,37
Villa Hermosa,2019,47708,53
Villa Hermosa,2019,47709,10
Villa Hermosa,2019,47714,13
Villa Hermosa,2019,47716,21
Villa Hermosa,2019,47721,14
Villa Hermosa,2019,47731,7
Villa Hermosa,2019,47737,7
Villa Hermosa,2019,47746,29
Villa Hermosa,2019,47747,8
Villa Hermosa,2019,47748,19
Villa Hermosa,2019,47749,49
Villa Hermosa,2019,47752,71
Villa Hermosa,2019,47768,9
Villa Hermosa,2019,47769,13
Villa Hermosa,2019,47799,14
Villa Hermosa,2019,47804,15
Villa Hermosa,2019,47805,12
Villa Hermosa,2019,47809,12
Villa Hermosa,2019,47813,7
Villa Hermosa,2019,47824,10
Villa Hermosa,2019,47825,7
Villa Hermosa,2019,47832,7
Villa Hermosa,2019,47837,9
Villa Hermosa,2019,47840,24
Villa Hermosa,2019,47886,16
Villa Hermosa,2019,47891,7
Villa Hermosa,2019,47896,8
Villa Hermosa,2019,47904,45
Villa Hermosa,2019,47906,10
Villa Hermosa,2020,47970,32
Villa Hermosa,2020,47973,8
Villa Hermosa,2020,47974,7
Villa Hermosa,2020,47989,35
Villa Hermosa,2020,48039,9
Villa Hermosa,2020,48086,13
Villa Hermosa,2020,48095,7
Villa Hermosa,2020,48115,37
Villa Hermosa,2020,48119,28
Villa Hermosa,2020,48122,19
Villa Hermosa,2020,48124,8
Villa Hermosa,2020,48125,38
Villa Hermosa,2020,48126,21
Villa Hermosa,2020,48129,13
Villa Hermosa,2020,48130,6
Villa Hermosa,2020,48131,7
Villa Hermosa,2020,48135,6
Villa Hermosa,2020,48137,6
Villa Hermosa,2020,48154,180
Villa Hermosa,2020,48155,67
Villa Hermosa,2020,48156,20
Villa Hermosa,2020,48158,20
Villa Hermosa,2020,48159,18
Villa Hermosa,2020,48160,13
Villa Hermosa,2020,48163,12
Villa Hermosa,2020,48166,45
Villa Hermosa,2020,48170,16
Villa Hermosa,2020,48171,24
Villa Hermosa,2020,48174,32
Villa Hermosa,2020,48176,56
Villa Hermosa,2020,48177,9
Villa Hermosa,2020,48182,14
Villa Hermosa,2020,48184,18
Villa Hermosa,2020,48188,12
Villa Hermosa,2020,48198,8
Villa Hermosa,2020,48213,30
Villa Hermosa,2020,48214,6
Villa Hermosa,2020,48215,15
Villa Hermosa,2020,48216,36
Villa Hermosa,2020,48219,45
Villa Hermosa,2020,48235,7
Villa Hermosa,2020,48236,15
Villa Hermosa,2020,48237,9
Villa Hermosa,2020,48238,6
Villa Hermosa,2020,48268,17
Villa Hermosa,2020,48273,11
Villa Hermosa,2020,48274,14
Villa Hermosa,2020,48278,7
Villa Hermosa,2020,48280,7
Villa Hermosa,2020,48282,6
Villa Hermosa,2020,48283,6
Villa Hermosa,2020,48293,8
Villa Hermosa,2020,48294,8
Villa Hermosa,2020,48301,9
Villa Hermosa,2020,48309,23
Villa Hermosa,2020,48355,17
Villa Hermosa,2020,48365,6
Villa Hermosa,2020,48373,44
Villa Hermosa,2020,48375,12
Villa Hermosa,2021,48396,13
Villa Hermosa,2021,48442,49
Villa Hermosa,2021,48445,25
Villa Hermosa,2021,48455,13
Villa Hermosa,2021,48460,97
Villa Hermosa,2021,48510,19
Villa Hermosa,2021,48566,18
Villa Hermosa,2021,48586,91
Villa Hermosa,2021,48590,60
Villa Hermosa,2021,48593,33
Villa Hermosa,2021,48596,73
Villa Hermosa,2021,48597,31
Villa Hermosa,2021,48600,24
Villa Hermosa,2021,48601,17
Villa Hermosa,2021,48604,13
Villa Hermosa,2021,48606,20
Villa Hermosa,2021,48612,22
Villa Hermosa,2021,48624,17
Villa Hermosa,2021,48625,244
Villa Hermosa,2021,48626,102
Villa Hermosa,2021,48627,24
Villa Hermosa,2021,48629,41
Villa Hermosa,2021,48630,35
Villa Hermosa,2021,48631,20
Villa Hermosa,2021,48634,16
Villa Hermosa,2021,48637,65
Villa Hermosa,2021,48641,26
Villa Hermosa,2021,48642,37
Villa Hermosa,2021,48645,77
Villa Hermosa,2021,48647,94
Villa Hermosa,2021,48648,24
Villa Hermosa,2021,48653,44
Villa Hermosa,2021,48655,35
Villa Hermosa,2021,48660,26
Villa Hermosa,2021,48678,13
Villa Hermosa,2021,48686,89
Villa Hermosa,2021,48688,30
Villa Hermosa,2021,48689,49
Villa Hermosa,2021,48692,76
Villa Hermosa,2021,48708,15
Villa Hermosa,2021,48709,37
Villa Hermosa,2021,48710,20
Villa Hermosa,2021,48741,44
Villa Hermosa,2021,48744,209
Villa Hermosa,2021,48745,21
Villa Hermosa,2021,48746,26
Villa Hermosa,2021,48747,16
Villa Hermosa,2021,48748,49
Villa Hermosa,2021,48749,77
Villa Hermosa,2021,48752,33
Villa Hermosa,2021,48756,41
Villa Hermosa,2021,48758,15
Villa Hermosa,2021,48760,35
Villa Hermosa,2021,48766,13
Villa Hermosa,2021,48772,17
Villa Hermosa,2021,48787,70
Villa Hermosa,2021,48812,16
Villa Hermosa,2021,48831,15
Villa Hermosa,2021,48836,27
Villa Hermosa,2021,48855,68
Villa Hermosa,2021,48857,20
Villa Hermosa,2022,48921,45
Villa Hermosa,2022,48924,23
Villa Hermosa,2022,48925,16
Villa Hermosa,2022,48933,11
Villa Hermosa,2022,48939,91
Villa Hermosa,2022,48988,19
Villa Hermosa,2022,49036,12
Villa Hermosa,2022,49045,16
Villa Hermosa,2022,49065,81
Villa Hermosa,2022,49069,59
Villa Hermosa,2022,49072,29
Villa Hermosa,2022,49073,15
Villa Hermosa,2022,49075,68
Villa Hermosa,2022,49076,24
Villa Hermosa,2022,49079,18
Villa Hermosa,2022,49080,12
Villa Hermosa,2022,49081,12
Villa Hermosa,2022,49082,11
Villa Hermosa,2022,49085,11
Villa Hermosa,2022,49088,12
Villa Hermosa,2022,49091,13
Villa Hermosa,2022,49099,12
Villa Hermosa,2022,49103,13
Villa Hermosa,2022,49104,230
Villa Hermosa,2022,49105,100
Villa Hermosa,2022,49106,25
Villa Hermosa,2022,49108,42
Villa Hermosa,2022,49109,33
Villa Hermosa,2022,49110,15
Villa Hermosa,2022,49113,20
Villa Hermosa,2022,49116,58
Villa Hermosa,2022,49120,30
Villa Hermosa,2022,49121,37
Villa Hermosa,2022,49124,70
Villa Hermosa,2022,49126,80
Villa Hermosa,2022,49127,16
Villa Hermosa,2022,49132,42
Villa Hermosa,2022,49134,34
Villa Hermosa,2022,49139,29
Villa Hermosa,2022,49163,72
Villa Hermosa,2022,49164,11
Villa Hermosa,2022,49165,26
Villa Hermosa,2022,49166,54
Villa Hermosa,2022,49169,80
Villa Hermosa,2022,49185,15
Villa Hermosa,2022,49186,40
Villa Hermosa,2022,49187,17
Villa Hermosa,2022,49214,15
Villa Hermosa,2022,49217,124
Villa Hermosa,2022,49218,28
Villa Hermosa,2022,49219,18
Villa Hermosa,2022,49220,14
Villa Hermosa,2022,49221,35
Villa Hermosa,2022,49222,41
Villa Hermosa,2022,49223,15
Villa Hermosa,2022,49224,30
Villa Hermosa,2022,49228,33
Villa Hermosa,2022,49232,19
Villa Hermosa,2022,49238,11
Villa Hermosa,2022,49243,20
Villa Hermosa,2022,49244,18
Villa Hermosa,2022,49259,44
Villa Hermosa,2022,49305,32
Villa Hermosa,2022,49323,85
Villa Hermosa,2022,49325,18
